aes128_ccm_rfc3610_kat_mismatch_2026-07-20.md	DB	P1	AES-128-CCM RFC3610 KAT mismatch: wrong ciphertext and auth tag	src/lib/common/aes/modes.spl	0	test/unit/lib/crypto/aes128_ccm_rfc3610_kat_spec.spl	Spec and modes.spl both present; OPEN, no CCM fix commit found; wrong crypto output is a correctness defect
aes256_ctr_keystream_wrong_after_first_block_2026-07-20.md	DB	P1	AES-256-CTR keystream diverges from NIST SP800-38A after first block	src/lib/common/aes/modes.spl	0	test/unit/lib/crypto/aes_ctr_nist_spec.spl	AES-128-CTR correct, AES-256 wrong -> key-expansion/mode defect; spec present, OPEN
aliased_array_mut_param_mutation_lost_interpreter_2026-08-06.md	DB	P1	Array passed as both mut and non-mut param silently discards the mutation	src/compiler/10.frontend/core/interpreter/_EvalOps/call_method_eval.spl	0	NONE	Silent wrong answer, no diagnostic; doc status Investigated-not-fixed/blocked
any_receiver_element_read_shift_and_tag_2026-08-06.md	DB	P1	Element read off an `any` receiver: three forms, three different results	src/lib/nogc_sync_mut/gpu/engine2d/simd_kernels.spl	0	test/perf/graphics_2d/blend_parity_probe.spl	Silent wrong data with no diagnostic; field impact was PARITY_DIFFS=210; generic defect explicitly left unfixed
any_typed_closure_param_destroys_value_2026-07-28.md	DB	P1	Any-typed closure parameters silently destroy the value	src/compiler/10.frontend/core/interpreter/_EvalOps/call_method_eval.spl	0	NONE	Status open, severity high, silent data loss with no error or warning; two underlying defects noted as only routed around
array_at_returns_nil_for_every_index_2026-08-01.md	DB	P1	Pure-Simple native lane has no `at` arm in MIR lowering	src/compiler/50.mir/_MirLowering/function_lowering.spl	0	NONE	Interpreter/JIT/native-LLVM rows all FIXED; the doc's own lane table leaves 'Native, pure-Simple' as still OPEN
ast_env_mirror_bypasses_stale_index_guard_2026-08-01.md	DB	P1	AST env mirror serves stale nodes and bypasses the stale-index guard	src/compiler/10.frontend/core/_AstExpr/nodes.spl	181	NONE	Fix claim is FALSE: doc says the mirror is RETIRED (deleted), but expr_env_mirror_enabled() still exists at nodes.spl:181 with live guard...
ast_env_var_quadratic_parse_2026-06-13.md	DB	P1	AST env-var backing store causes O(N^2) parse time	src/compiler/10.frontend/core/ast_stmt.spl	0	NONE	Env-mirror machinery still present (nodes.spl:181, decl_nodes.spl:161/177); doc status 'fix proposed, not yet implemented'
bare_assert_statement_vacuity_2026-08-02.md	DB	P1	Pure-Simple compiler discards bare `assert` entirely	src/compiler/10.frontend/core/parser_stmts.spl	732	NONE	parser_stmts.spl:732-739 parses the condition then `return stmt_expr_stmt(assert_cond, 0)` — the assertion is dropped, never checked
baremetal_entry_closure_class_instantiation_fault_2026-07-06.md	DB	P1	Baremetal --entry-closure imported-class instantiation faults at runtime	src/app/cli/native_build_main.spl	0	examples/09_embedded/simple_os/arch/x86_64/class_fault_probe_entry.spl	Status still INVESTIGATING; probe entry and shared module still present, no fix commit found for the mode= last-wins injection
baremetal_option_field_unwrap_faults_class_2026-07-18.md	DB	P1	Option-unwrap / if-val field access faults on baremetal native codegen	src/compiler/50.mir/mir_lowering_stmts.spl	0	NONE	Doc explicitly tracks the CLASS; only per-site workarounds landed, codegen owner never fixed; silent fault cr2=0x0 with no diagnostic
base58_decode_reversed_polarity_rootcause_2026-07-29.md	DB	P1	Two default-engine miscompiles reverse base58_decode polarity (silent wrong data)	src/lib/common/encoding/base58.spl	0	NONE	Module lives at src/lib/common/encoding/base58.spl [PATH DRIFT]; doc marks both miscompiles PROVED with minimal repros and no fix commit
browser_engine_css_size_quadratic_pixel_render_2026-07-04.md	DB	P1	Pixel render scales quadratically with CSS size; spec greenwashed by hard-coded ids	src/lib/gc_async_mut/gpu/browser_engine/simple_web_engine2d_renderer.spl	775	test/01_unit/app/ui/browser_backend_pixel_paths_spec.spl	Status open, diagnosis complete; greenwashed validation via hard-coded widget ids means the gate cannot catch it
browser_engine_free_fn_arg_mutation_lost_2026-06-30.md	DB	P1	Class-instance args to free functions lose mutations in compiled library modules	src/compiler/50.mir/_MirLowering/function_lowering.spl	0	NONE	PARTIALLY-RESOLVED 2026-07-17; silent data loss for builder/visitor patterns, root codegen defect not closed
browser_layout_module_exceeds_128kib_parser_limit_2026-07-31.md	DB	P1	Four browser layout modules exceed the 128 KiB parser limit	src/lib/gc_async_mut/gpu/browser_engine/simple_web_html_layout_renderer_layout.spl	0	test/01_unit/lib/gc_async_mut/gpu/browser_engine/simple_web_html_layout_renderer_module_split_spec.spl	Re-measured now: layout 152125, core 157370, paint_layout 166980, renderer 127203 bytes vs the 131072 limit
browser_seccomp_denylist_and_inprocess_unjailed_2026-08-15.md	DB	P1	In-process browsers under src/app/browser never enter the seccomp jail	src/runtime/runtime_process.c	2384	NONE	Problem 1 (allow-list) verified landed; problem 2 live: zero apply_seccomp/enter_jail refs anywhere under src/app/browser
browser_text_node_blanks_frame_2026-08-05.md	DB	P1	Any text node blanks the whole frame; text_painter still unreferenced by browser_renderer	src/lib/gc_async_mut/gpu/browser_engine/browser_renderer.spl	233	test/01_unit/lib/gc_async_mut/gpu/browser_engine/browser_renderer_spec.spl	Doc claims FIXED 2026-08-06 but browser_renderer.spl still has 0 text_painter refs and 0 paint_text/draw_text hits
bug_sspec_daemon_optional_lookup_equality_divergence_2026-07-20.md	DB	P1	simple test daemon evaluator diverges from simple run on text? lookup + equality	src/lib/common/ui/draw_ir_patch.spl	142	test/01_unit/lib/common/ui/draw_ir_patch_spec.spl	Status OPEN; only new code worked around (draw_ir_patch.spl:142), latent silent-wrong-result defect left in existing code
bytebuffer_push_byte_freeze_wrong_interp_2026-06-15.md	DB	P1	ByteBuffer.push_byte(v)+freeze() yields wrong byte values in the interpreter (silent data 	src/lib/common/bytes/span.spl	0	NONE	Doc severity P1, no FIXED marker; span.spl still present; related byte_span doc shows the raw-byte store fix landed elsewhere
bytespan_equals_boxed_int_pointer_slot_93_guest_faults_2026-07-28.md	DB	P1	ByteSpan.equals faults 93x on a boxed integer in a pointer slot in the SimpleOS WM guest	src/compiler/50.mir/_MirLoweringExpr/method_calls_literals.spl	0	scripts/check/check-simpleos-wm-fullscreen-evidence.shs	Doc Status explicitly "OPEN - producer located and characterized, fix NOT landed"; all cited files present
case_bare_ident_is_irrefutable_binding_2026-08-01.md	DB	P1	A bare identifier in `case` position silently becomes an irrefutable binding, matching eve	src/compiler/10.frontend/core/interpreter/eval.spl	0	NONE	Doc claims FIXED only on the Rust seed's two engines; 20,360 UNRESOLVED sites remain unverified against scrutinee type
cert_chain_signature_verification_missing_2026-07-17.md	DB	P1	TLS chain-of-trust verify_signature has no implementation, so cert chains are never crypto	src/lib/nogc_sync_mut/tls/validation.spl	0	NONE	Doc Status "Deliberately deferred, not fixed"; security gap; validation.spl and certificate.spl both present
chained_static_ctor_receiver_drops_mutation_2026-08-01.md	DB	P1	A mutating method chained directly off a static constructor call is a silent no-op	src/compiler/10.frontend/core/interpreter/eval.spl	0	NONE	Doc Status "OPEN - reproduced and measured, mechanism NOT yet proven"; silent wrong-results with no diagnostic
class_field_reference_semantics_diverge_2026-08-06.md	DB	P1	Interpreter value-copies class fields while the JIT crashes on an optional class field	src/compiler_rust/compiler/src/interpreter_call/core/class_instantiation.rs	0	test/01_unit/compiler/class_reference_semantics_spec.spl	Doc Status "Investigated, not fixed (blocked)"; decl_set_is_value_type exists in tree but is false for these decls
cli_driver_binary_repo_seed_infinite_delegation_loop_2026-07-25.md	DB	P1	`bin/simple run` enters an infinite seed-delegation loop that blocks all execution	src/app/io/cli_ops.spl	0	NONE	Doc Status "BLOCKER"; body has only a "Root-cause hypothesis (not yet fixed)"; cli_ops.spl present
codegen_bare_method_receiver_type_blind_candidate_selection_2026-07-28.md	DB	P1	Bare-method codegen binds a candidate by name-suffix with no receiver-type check (silent w	src/compiler_rust/compiler/src/codegen/instr/closures_structs.rs	0	test/01_unit/compiler/codegen/erased_receiver_index_of_bind_spec.spl	Doc Status "OPEN (mitigated per-name only)"; spec passes identically on fixed and unfixed compilers, so it is not a gate
codegen_rt_prefix_local_function_collision_sigsegv_2026-07-12.md	DB	P1	A local function whose name matches a runtime SFFI symbol compiles to a SIGSEGV, not a cal	src/compiler_rust/compiler/src/codegen/instr/calls.rs	0	NONE	Doc Status "SOURCE FIXED - staged Cranelift execution pending"; severity blocking; unexecuted fix kept live per unsure->DB
compiler_cross_module_private_symbol_collision_2026-06-16.md	DB	P1	Private _-prefixed functions collide across modules; wrong fn called	src/compiler_rust/compiler/src/pipeline/module_loader.rs	1516	NONE	warn_duplicate_private_signatures exists (detection only); no auto-fix/mangling - silent wrong-result risk remains
cranelift_direct_string_constant_null_pointer_2026-07-12.md	DB	P1	native-build --backend cranelift: string constants compile to a null pointer	src/compiler_rust/compiler/src/codegen/cranelift_sffi.rs	553	NONE	Status FIX-IMPLEMENTED-UNVERIFIED-E2E re-confirmed 2026-08-10; declare_data string path still unproven end to end
cranelift_native_aggregate_return_nil_receiver_hosted_wm_2026-07-26.md	DB	P1	Cranelift native lane decodes aggregate/Option returns as nil receivers	src/compiler_rust/compiler/src/codegen/cranelift_sffi.rs	0	test/.../parent_commit_piped_result_spec.spl	Status OPEN (systemic); doc names the next unfixed site in WebRenderPixelArtifactCache, only 5 consumer sites converted
cranelift_noparen_method_access_miscompiles_2026-07-06.md	DB	P1	Cranelift miscompiles zero-arg method access without parens on structs	src/compiler/70.backend/backend/cranelift_codegen_adapter.spl	0	NONE	Silent wrong bits (PRESENT dropped); observation site _flags_to_pte_bits no longer in vmm.spl [PATH DRIFT: defect is in adapter]
cranelift_u8_array_literal_data_pointer_garbage_2026-07-06.md	DB	P1	Cranelift emits garbage data pointer for [u8] array literals in freestanding build	src/compiler/70.backend/backend/cranelift_codegen_adapter.spl	0	NONE	Repro file examples/09_embedded/simple_os/arch/x86_64/ring3_smoke_entry.spl still on disk; no fix commit found
cranelift_unannotated_module_bool_global_tagbox_truthy_2026-07-27.md	DB	P1	Module-level val x = false stored tag-boxed (19) and reads TRUTHY	src/compiler_rust/compiler/src/codegen/common_backend.rs	1607	NONE	Silent wrong-branch, no diagnostic; common_backend.rs present, doc status OPEN root-caused not fixed
cross_module_imported_fn_mutation_not_propagating_2026-07-12.md	DB	P1	Imported function mutation not propagating to caller's instance (wrong dispatch)	src/compiler/20.hir/hir_lowering/_Items/module_lowering.spl	0	NONE	Silent blank-frame; workaround is renamed local copies in graphics_2d_showcase_gui.spl, still in place
curve448_x448_scalarmult_kat_mismatch_2026-07-20.md	DB	P1	Curve448/X448 scalar-mult and ECDH mismatch every RFC 7748 KAT vector	src/lib/common/crypto/typed/ctypes.spl	0	test/unit/lib/crypto/curve448_rfc7748_kat_spec.spl	Wrong cryptographic results across all vectors; RFC vectors authoritative, no fix commit [PATH DRIFT: curve448 impl module]
declared_return_type_not_enforced_2026-08-09.md	DB	P1	Declared function return types are not enforced by any engine	src/compiler/30.types/type_system/checker.spl	0	NONE	Silent wrong values hiding whole defect classes; doc explicitly not fixed, fix belongs in 35.semantics/checker.spl
deployed_selfhost_env_set_miscompile_segv_2026-07-14.md	DB	P1	Tracked release/ pure-Simple CLI SIGSEGVs in setenv: rt_env_set gets a boxed int as char*	release/x86_64-unknown-linux-gnu/simple	0	NONE	Artifact 04a38e21 still present on disk; doc re-confirmed OPEN 2026-08-06 by disassembly; exits 139 on check/test --help
dict_array_contains_raw_untagged_key_2026-08-02.md	DB	P1	rt_contains gets an untagged key so dict .has()/in returns false for a key that is present	src/compiler/50.mir/_MirLoweringExpr/method_calls_literals.spl	1367	NONE	Doc: emitter located in seed LLVM bare_rt_redirect, codegen fix specified but NOT landed; silent wrong answer both directions
dict_class_field_contains_key_after_insert_2026-08-08.md	DB	P1	Bracket-read self.d[k] on a class-field {i64:[i64]} dict segfaults under native-build	src/compiler/20.hir/hir_lowering/types.spl	53	NONE	Doc verdict: contains_key safe, but class-field bracket read SEGVs under native-build while local-var dict does not
digest_hex_double_import_corruption_2026-06-15.md	DB	P1	Digest.hex() returns struct-representation bytes when seam.spl and ctypes are both	src/lib/common/crypto/typed/ctypes.spl	117	NONE	Silent data corruption; len()/ct_eq() unaffected; cross-module struct method dispatch, no fix commit found
docs_titled_commit_2313821fd77_reverted_five_landed_fixes_2026-08-10.md	DB	P1	No pre-push guard detects a stale-WC snapshot that deletes 7053 lines while keeping file	scripts/check/check-tree-size-push.shs	0	NONE	Guard bands on FILE COUNT not lines; doc shows 2313821fd77 as an exact revert of restore 52f3b8c118f plus one doc
dotq_existence_check_is_scalar_truthiness_on_jit_2026-07-27.md	DB	P1	.? lowers to a raw scalar truthiness test on JIT/native so 0.? is false and "".? is true	src/compiler/50.mir/_MirLoweringExpr/method_calls_literals.spl	0	NONE	Doc Status Open, root cause in a compiler tree not patched by that lane; interpreter correct, JIT silently takes the wrong branch
duplicate_public_symbols_differing_return_types_jit_misdispatch_2026-08-09.md	DB	P1	373 co-compiled symbol collisions per spec run; identical-signature ones silently vacate	src/compiler/10.frontend/core/interpreter/eval_tables.spl	243	test/01_unit/compiler/cache/action_key_spec.spl	Verified eval_tables.spl:243 still only prints a WARN; doc records a targeted fix that was measured and did not work
ecc_p384_p521_sign_verify_broken_2026-07-20.md	DB	P1	ECDSA P-384 sign returns a 0-byte signature and NIST CAVP verify fails on P-384 and P-521	src/lib/nogc_sync_mut/io/signature_sffi.spl	0	test/unit/lib/crypto/ecc_p384_p521_kat_spec.spl	Status OPEN; 7 failures incl. "expected 0 to equal 96"; no p384/p521 implementation exists under src/lib/common/crypto/
ecdsa_p256_sign_verify_roundtrip_broken_2026-07-20.md	DB	P1	ECDSA P-256 verify rejects a 64-byte signature this repo's own sign just produced	src/lib/common/crypto/ecdsa_p256.spl	0	test/unit/lib/crypto/ecdsa_p256_spec.spl	Status OPEN; round-trip and the externally-supplied NIST CAVP SigVer vector both fail verify, so the defect is in verify or the hash binding
ed25519_rfc8032_t_sha_abc_pubkey_mismatch_2026-07-20.md	DB	P1	RFC8032 7.1 T_SHA_ABC vector: ed25519 derives the wrong public key and verify fails	src/os/crypto/ed25519_ops.spl	0	test/unit/lib/crypto/ed25519_rfc8032_spec.spl	Doc OPEN; ed25519_ops.spl present, no commit changing the T_SHA_ABC path; wrong crypto results
ed25519_scalar_mul_ct_regression_2026-07-20.md	DB	P1	ed_scalar_mul_basepoint delegates to _simple which branches on each secret scalar bit	src/os/crypto/ed25519_ops.spl	938	test/unit/lib/crypto/ed25519_ct_property_spec.spl	Read code: ed_scalar_mul_basepoint:954 calls _simple:938 whose loop is `if _ed_scalar_bit(scalar,i)==1` - secret-dependent branch
elf_parser_relocations_merged_without_target_section_2026-08-08.md	DB	P1	linker/elf_parser.spl ElfObject.relocations merges every SHT_RELA without recording sh_...	src/compiler/70.backend/linker/elf_parser.spl	0	NONE	grep sh_info/target_section in 70.backend/linker/elf_parser.spl = ZERO hits; sibling smf_elf_parser.spl:213 got the sh_info==text_idx fix...
emit_smf_stub_drops_module_content_2026-06-12.md	DB	P1	--emit-smf writes a 219-byte stub regardless of module content	src/app/io/_CliCompile/compile_targets.spl	1164	NONE	--emit-smf still handled at compile_targets.spl:878/1164; no commit found implementing real SMF payload emission
engine2d_simd_span_kernels_slower_and_fill_colour_corrupt_2026-08-06.md	DB	P1	engine2d SIMD fill_span corrupts the fill colour via bad marshalling, so it cannot be a...	src/runtime/runtime_simd_dispatch.c	1639	test/perf/graphics_2d/bench_span_kernels.spl	rt_engine2d_simd_fill_span_u32 still at runtime_simd_dispatch.c:1639; doc says adoption blocked until colour marshalling fixed - wrong pi...
enum_assoc_fn_residual_exposure_2026-07-28.md	DB	P1	1611 non-spec call sites of enum associated fns (incl. smf_cache Platform.from_u8) are...	src/compiler/99.loader/loader/smf_cache.spl	0	NONE	Doc: whole AMBIG bucket of 1611 sites must be treated as unresolved; cache identity depends on Platform.from_u8/Arch.from_u8
enum_associated_fn_never_called_on_jit_2026-07-28.md	DB	P1	EnumName.assoc_fn() is never invoked under the JIT - returns a bogus value with no error	src/compiler/99.loader/loader/smf_cache.spl	0	test/shared/control_flow/static_fn_spec.spl	Doc Status: open, explicit 'Not fixed' section; silently wrong results, no diagnostic. [PATH DRIFT: doc cites no single source file]
enum_bare_name_collision_registry_2026-08-01.md	DB	P1	Bare enum-name registry keys make a match arm silently select the wrong cross-module enum	src/compiler/10.frontend/core/types.spl	559	test/01_unit/compiler/mir/enum_bare_name_collision_loud_miss_spec.spl	Doc status "ENUMERATION LANDED - no fix applied"; 332-row census; named_type_register still flat/non-module-qualified
enum_impl_static_fn_scoping_2026-07-29.md	DB	P1	Declared enum associated fns yield silent wrong values on the JIT engine	src/compiler_rust/compiler/src/mir/lower/lowering_expr_call.rs	0	test/shared/control_flow/static_fn_spec.spl	Doc "scoped, not fixed"; prior guard 362b206e7e4 covers only undeclared members, declared case untouched
enum_pattern_match_optional_value_silent_fallthrough_2026-07-20.md	DB	P1	match on a T? enum silently falls through to _ for every field-binding variant arm	src/app/ui.browser/event_bridge.spl	0	test/01_unit/app/ui.browser/input_translation_spec.spl	Doc status OPEN; no compile error, no warning; wrong branch taken with correct payload present
enum_payload_dict_copied_on_function_return_2026-07-28.md	DB	P1	Dict payload inside an enum is copied at the function-return boundary so later writes are lost	src/lib/common/sdn/value.spl	0	test/01_unit/lib/common/sdn_coverage_spec.spl	Doc OPEN; SdnValue.insert never persists; interpreter silently wrong, JIT rejects with W1006
env_get_nil_coalesce_dead_fallback_2026-07-25.md	DB	P1	env_get(...) ?? default never takes the fallback because env_get returns text "" not text?	src/lib/nogc_sync_mut/io_runtime.spl	174	scripts/check/check-env-get-nil-abort-guard.shs	Doc: one instance fixed, general sweep NOT done; idiom used ~680 times; silent wrong value
extern_return_type_mismatch_object_to_int_2026-07-21.md	DB	P1	A function returning an extern fn call result fails: cannot convert object to int	src/compiler_rust/compiler/src/mir/lower/lowering_expr_call.rs	0	NONE	Doc status Filed; blocks riscv64 serial_shell_entry native-build; not arch-specific, inline-call MIR pass drops declared return type
fat32_database_atomic_replace_recovery_missing_2026-08-14.md	DB	P1	Fat32Filesystem.rename_at is not atomic and mount performs no journal recovery	src/os/apps/servers_user/database_persistence_adapter.spl	0	NONE	Doc open, release blocking; atomic_write cannot truthfully ack a durable replace; dual-bank protocol unimplemented
fault_detection_module_var_mutation_2026-06-26.md	DB	P1	Module-level var mutations made inside a called function are not visible to the caller	test/01_unit/lib/common/fault_detection_enhanced_spec.spl	0	test/01_unit/lib/common/fault_detection_enhanced_spec.spl	Doc has no fix section; 6 of 19 examples fail; direct mutation works, helper-function mutation is silently dropped
freestanding_u64_cross_fn_range_compare_miscompile.md	DB	P1	freestanding native-build returns 0 from a u64 range helper for an argument provably in	src/compiler/50.mir/mir_lowering_stmts.spl	0	NONE	doc Status: open, severity high; no fix commit found; workaround was deleting .to_u64() on literals, not a compiler fix
gc_analysis_desugar_dropped_method_bodies_2026-08-02.md	DB	P1	gc_analysis mod.spl method bodies were dropped by desugaring, so GC safety analysis	src/compiler/55.borrow/gc_analysis/mod.spl	0	NONE	doc Status OPEN: mod.spl (TAB-named args, _1 closure placeholder, empty GcSafetyReport methods) unfixed plus 41 of 45 deleted impl blocks
generator_take_returns_empty_after_name_collision_fix_2026-08-17.md	DB	P1	std.generator take(generate_range(0,3), 2) returns an empty array instead of [0, 1], exit	src/lib/nogc_async_mut/generator.spl	37	NONE	repro verified 2026-08-17; fn take at generator.spl:37 is iter_collect(iter_take(...)) and no fix commit exists; silent wrong result
gui_8k_native_renderer_artifact_build_timeout_2026-08-13.md	DB	P1	Native renderer artifact build exceeds 30s bound so 8K/80 GUI rows report	src/app/wm_compare/backend_measurement_software_export.spl	0	NONE	Status OPEN P1; gui_perf_benchmark_artifact_build_us=30006343; bin/simple_native --version dumped core
hir_stmt_expr_payload_extraction_nil_2026-07-17.md	DB	P1	StmtKind.Expr single-arm payload extraction returns nil intermittently, independent of	src/compiler/20.hir/hir_lowering/statements.spl	0	NONE	Wall 2 explicitly NOT FIXED and root-caused as not Simple-source-fixable; only Walls 1 (hir+mir dispatch) landed
hosted_string_trim_case_raw_receiver_degrades_2026-08-11.md	DB	P1	rt_string_trim still returns the raw pointer untrimmed and rt_string_ascii_case still	src/runtime/runtime_native.c	4934	src/runtime/test/rt_string_trim_case_raw_receiver_selfcheck.c	Doc claims RESOLVED 2026-08-11 but runtime_native.c:4936 is still 'if (!s) return value;' and :3779 still 'if (!s) return rt_core_nil();'
host_vulkan_lavapipe_graphics_entry_points_stubbed_without_vulkan_feature_2026-08-11.md	DB	P1	Vulkan graphics entry points return 0 with empty rt_vulkan_get_last_error because	src/compiler_rust/runtime/Cargo.toml	19	NONE	Verified: Cargo.toml:19 default = ["cpu-simd","cuda"]; vulkan feature declared at :29 but never enabled, so silent zeros persist
i8_array_literal_reads_back_wrong_value_2026-08-17.md	DB	P1	[5i8, 6i8] reads element 0 back as 43 under the cranelift JIT with no diagnostic	src/compiler_rust/compiler/src/codegen/instr/helpers.rs	0	NONE	Status OPEN, filed today; original is wrong before any copy so it is distinct from the rt_array_copy defect; silent wrong value
impl_to_free_fn_refactor_family_still_incomplete_2026-08-08.md	DB	P1	impl-to-free-fn refactor left ~40 zero-definition call sites in live compiler passes	src/compiler/00.common/predicate_parser.spl	0	NONE	Status PARTIALLY FIXED — 24 of 64 oracle survivors restored, 40 remain as unresolved calls/silent no-ops
indexed_char_to_i64_silent_zero_family_2026-08-10.md	DB	P1	s[i].to_i64() on a string-indexed char silently returns 0 instead of the char code	src/lib/nogc_sync_mut/http_server/h2_server.spl	0	scripts/check/check-string-index-char-to-i64.shs	Status OPEN, only selector.spl consumer fixed; guard script exists and family untriaged
interp_crossmod_local_slot_aliasing_2026-06-15.md	DB	P1	Cross-module fn receiving a local object arg aliases the caller's local slot	src/compiler_rust/compiler/src/interpreter_call/core/function_exec.rs	0	NONE	No status/fix claim; only workarounds recorded (inlining deflate_fixed/inflate_fixed call sites to avoid cross-module pass)
interp_dict_class_value_copy_on_get_mutation_loss_2026-07-06.md	DB	P1	Dict<K,ClassInstance>.get()/.set() copies the value so mutations are silently lost	src/compiler_rust/compiler/src/interpreter_method/collections.rs	0	NONE	No status line and no fix claim anywhere in the doc; silent data loss through fetched instances
interp_expect_inline_equality_arg_misevaluates_2026-07-07.md	DB	P1	expect(a == b).to_equal(false) mis-evaluates the inline == argument	src/lib/nogc_sync_mut/spec.spl	0	NONE	No status or fix claim in doc; wrong test verdicts (a green that should be red)
interp_expect_to_equal_swallows_failures_multi_describe_2026-06-15.md	DB	P1	expect().to_equal() swallows failures in specs with multiple describe blocks	src/lib/nogc_sync_mut/spec.spl	0	test/01_unit/lib/common/compress/typed/types_spec.spl	Status: Open; failures silently swallowed means every multi-describe suite can report a false green
interp_index_of_digit_leading_literal_2026-07-22.md	DB	P1	Flat i64? optional lane collides with tagged values; payload 3 reads as nil in seed JIT	src/runtime/runtime_native.c	0	test/01_unit/language/option_i64_value3_sentinel_spec.spl	Status OPEN, root-caused 2026-07-22, architectural fix required; last change was doc-only status re-confirmation
interp_logical_short_circuit_2026-07-15.md	DB	P1	Interpreter and/or eagerly evaluate the right operand instead of short-circuiting	src/compiler/10.frontend/core/interpreter/ops.spl	0	NONE	Doc claims source fixed 2026-07-15 but grep finds no short-circuit handling in the pure-Simple interpreter op path
interp_me_method_first_param_times8_conditional_2026-06-29.md	DB	P1	Interpreter binds the first param of some multi-param me methods to value x 8	src/compiler_rust/runtime/src/value/tags.rs	0	NONE	Status Open, reclassified 2026-08-01; doc states defect 'has never been fixed, only masked' and the _p0 workaround is still in source
interpreter_bare_arg_not_some_wrapped_at_optional_param_2026-08-04.md	DB	P1	Bare arg at a T? param is not Some-wrapped so case Some(x) matches no arm (silent fall-through)	src/compiler/10.frontend/core/interpreter/eval.spl	0	test/01_unit/language/dict_get_option_match_spec.spl	Doc claims FIXED 2026-08-05 but no some-wrap/optional-param code found in interpreter eval.spl; unverified, kept live per unsure->DB
interpreter_binding_class_typed_field_snapshots_instead_of_aliasing_2026-08-10.md	DB	P1	Binding a class-typed field to a local snapshots it instead of aliasing (interpreter only)	src/compiler_rust/compiler/src/interpreter_call/core/function_exec.rs	0	NONE	Status OPEN engine divergence interpreter vs JIT; function_exec.rs and value.rs both still present in tree
interpreter_cross_module_enum_discriminant_3_compares_false_2026-08-04.md	DB	P1	Cross-module enum variant with discriminant 3 compares FALSE in the interpreter (silent wrong result)	src/lib/nogc_async_mut/ndarray/mod.spl	0	NONE	Status OPEN with no fix claim anywhere in doc; ndarray modules named still present
interpreter_first_class_fn_dispatch_drops_nested_array_writeback_2026-08-09.md	DB	P1	Two mutating me calls in one first-class-fn-dispatched invocation drop the first nested array write	src/lib/nogc_sync_mut/http_server/router.spl	0	NONE	Status OPEN root-caused with minimal sockets-free repro, explicitly not fixed; router.spl still present
interpreter_module_array_stale_read_via_free_fn_helper_2026-07-29.md	DB	P1	Instance method reads a stale module-level array through a free-function helper (interpreter)	src/lib/nogc_async_mut/async/cancellation.spl	0	test/01_unit/lib/nogc_async_mut/async_spec.spl	Status open, only WORKED AROUND in cancellation.spl, root cause unfixed; severity CRITICAL silently-wrong on default test engine
interp_return_in_match_expr_swallowed_2026-06-30.md	DB	P1	return inside a match/if EXPRESSION is swallowed and becomes the expression value	src/compiler_rust/compiler/src/interpreter/expr/ops.rs	0	NONE	No status/fix line anywhere in doc; grep for ControlFlow::Return / Flow::Return under interpreter/expr/ returns zero hits so no propagation path exists
interp_run_cross_module_db_option_mutation_2026-06-13.md	DB	P1	bin/simple run interpreter loses cross-module DB Option/struct returns and field mutations	src/compiler_rust/compiler/src/interpreter/expr/ops.rs	0	test/05_perf/db/db_bench_driver.spl	No fix claim in doc; both named Rust files still present; works in compiled test so this is interpreter-only divergence
interp_run_enum_single_field_payload_corrupt_2026-06-15.md	DB	P1	bin/simple run silently corrupts single-field enum payload values	src/compiler_rust/compiler/src/value.rs	0	test/01_unit/lib/common/bytes/bits_spec.spl	Doc has no status or fix section at all, only Severity P1 data corruption; bits_spec.spl still in tree
interp_simpleos_lane_contract_crash_2026-06-13.md	DB	P1	Interpreter crashes on lane-contract field access, blocking all catalog-lane QEMU scenarios	src/os/port/_SimpleosMultiplatformBuild/platform_target_accessors.spl	0	test/01_unit/os/qemu_runner_protection_acceptance_spec.spl	Status says workarounds landed 2026-06-13 but interpreter root cause explicitly still open; both acceptance specs present
interp_static_fn_new_hijacks_named_ctor_2026-07-02.md	DB	P1	static fn new hijacks named-argument class construction, silently building wrong-field instances	src/compiler_rust/compiler/src/interpreter_call/core/arg_binding.rs	0	test/03_system/feature/usage/named_ctor_with_static_new_spec.spl	Status REOPENED PARTIALLY FIXED: adversarial re-review 2026-08-08 says the earlier RESOLVED verdict was WRONG on its central claim
interp_struct_local_copy_aliasing_2026-07-22.md	DB	P1	Interpreter struct locals alias instead of copying on assignment (silent state corruption)	src/lib/hardware/soc_rtl/uart16550.spl	0	NONE	Status OPEN with no fix claim; severity high silent state corruption; uart16550.spl still present
interp_testdatabase_class_collision_kills_aggregate_test_runs_2026-07-17.md	DB	P1	TestDatabase class-name collision in the interpreter kills every aggregate simple test run	src/lib/nogc_sync_mut/test_runner/test_db_compat.spl	0	NONE	Status fix in progress (runner-side rename only); interpreter root cause explicitly remains open; test_db_compat.spl still present
interp_u64_high_bit_option_unwrap_corruption_2026-07-11.md	DB	P1	u64 struct field >= 2^63 corrupts if val Option unwrap after a JIT shared-pointer bail	src/lib/common/ui/window_scene.spl	0	test/02_integration/rendering/wm_nested_content_frame_spec.spl	Doc carries no status or fix claim; both window_scene files and the nested content frame spec are still in tree
jit_array_oob_read_leaks_raw_rt_nil_sentinel_2026-08-07.md	DB	P1	JIT array out-of-bounds read leaks the raw RT_NIL sentinel 3 instead of nil or a panic	src/compiler_rust/compiler/src/mir/lower/lowering_expr_struct.rs	0	NONE	Status OPEN unchanged, reclassified as root-caused 2026-08-07 and explicitly not fixed; all three named source files still present
jit_corrupts_i64_array_returned_from_sha1_bytes_2026-08-04.md	DB	P1	JIT returns tag-corrupted [i64] from sha1_bytes: floats/nil/heap tags inside an i64 list	src/compiler_rust/compiler/src/codegen/instr/methods.rs	0	src/lib/common/crypto/sha1.spl	Doc ARCHITECTURAL-OPEN; sha1.spl present; rotl32 unresolved-symbol whole-module drop still described as live
jit_cross_module_tuple_field_read_returns_nil_2026-08-01.md	DB	P1	JIT cross-module tuple .0 field read returns nil instead of the field value	src/lib/common/yaml/types.spl	0	NONE	Doc status OPEN with no fix claim; yaml/types.spl still present in tree
jit_game2d_backend_method_dispatch_sigsegv_2026-07-02.md	DB	P1	SIGSEGV calling GameBackend trait methods via LoopDriver.step under JIT	src/compiler_rust/compiler/src/codegen/instr/calls.rs	0	test/03_system/game2d/breakout_production_spec.spl	Doc explicitly says workaround only, not proof receiver-type recovery fixed; spec paths still in tree
jit_hex_to_u8_array_byte_corruption_2026-06-30.md	DB	P1	JIT corrupts [u8] built via ((hi<<4)|lo).to_u8() loop; interpreter is correct	src/lib/common/cert/x509_typed.spl	0	test/01_unit/lib/common/cert/x509_spec.spl	Status Open, no fix claim in doc; both cited files still exist
jit_i64_boundary_constant_wraps_to_negative_2026-08-09.md	DB	P1	JIT wraps large i64 boundary constants (p60/p62/i64::MAX) to negative or zero	src/compiler_rust/compiler/src/codegen/cranelift_emitter.rs	0	scripts/check/check-engine-differential.shs	Doc carries no fix claim; differential check script named as repro still in tree
jit_if_nil_takes_true_branch_2026-08-04.md	DB	P1	JIT treats a nil if-condition as truthy; interpreter treats it as falsy	src/compiler/50.mir/_MirLoweringExpr/expr_dispatch.spl	0	NONE	Doc: ARCHITECTURAL-OPEN re-verified 2026-08-09 still reproduces; expr_dispatch.spl present
jit_layout_run_full_with_ports_nil_receiver_2026-08-02.md	DB	P1	layout_run_full_with_ports core-dumps on nil-receiver field access under JIT	src/lib/gc_async_mut/gpu/browser_engine/gpu_web/layout/cuda_execution_port.spl	0	NONE	No status/fix claim in doc; cited source file still present
jit_packed_bitfield_field_read_returns_nil_2026-08-10.md	DB	P1	@packed bitfield field reads return nil when built via the positional raw constructor	src/compiler_rust/compiler/src/mir/lower/lowering_expr_struct.rs	0	src/lib/nogc_sync_mut/driver/null_block_driver.spl	Status OPEN; doc line 121 phrases the fix conditionally (will no longer misfire) i.e. proposed not landed; driver file present
jit_substring_chained_to_int_returns_pointer_2026-08-04.md	DB	P1	text.substring(n).to_int() chained returns the raw text pointer instead of the parsed integer	src/compiler_rust/compiler/src/codegen/instr/methods.rs	0	NONE	Status OPEN; only one call site was worked around (doc line 83), the codegen defect itself has no fix claim
llvm_import_path_mangling_os_prefix_mismatch_2026-06-15.md	DB	P1	rv64 cross-module calls reference os__kernel__ names while definitions emit bare/weak symbols, link fails	src/compiler_rust/compiler/src/pipeline/native_project/imports.rs	0	NONE	Doc status INVESTIGATING, severity high; body says the .spl-side one-line correction was still required, no fix recorded
lsp_emitter_never_implemented_cli_query_2026-07-28.md	DB	P1	LspEmitter is imported from std.report.emitter.lsp which does not exist; query_check dies at runtime	src/app/cli/query_check.spl	113	NONE	find src/lib -path '*report/emitter*' -name '*lsp*' returns nothing; query_check.spl:16 imports it, :113/:539/:645 call LspEmitter.default_emitter()
lsp_mcp_integer_position_args_corrupted_2026-06-14.md	DB	P1	Deployed native LSP MCP server corrupts integer line/character args in tools/call	src/app/simple_lsp_mcp/tools.spl	0	scripts/check/check-mcp-native-smoke.shs	Doc Status Open, P1, root cause native-build codegen/runtime; no fix section
match_bare_ident_const_irrefutable_2026-07-20.md	DB	P1	A match arm naming a val constant lowers as an irrefutable capture, swallowing all later arms	src/compiler/10.frontend/core/interpreter/eval.spl	0	NONE	Doc has no fix section; silent wrong-branch selection, observed via src/app/devhub/errors.spl
match_on_optional_enum_variant_falls_to_wildcard_2026-08-07.md	DB	P1	match on an Option<enum> value falls through to the wildcard arm instead of the matching variant	src/compiler/50.mir/_MirLoweringExpr/switch_operators_calls.spl	0	test/01_unit/app/ui/semantic_contract_spec.spl	Doc has no fix section; wrong-branch silent miscompile, observed in src/app/simple_lab/main.spl
me_method_mutation_through_optional_binding_discarded_2026-08-04.md	DB	P1	`me`-method mutation through an Option-typed binding is silently discarded (exit 0, no warning)	src/compiler/50.mir/_MirLoweringExpr/method_calls_literals.spl	3124	NONE	Doc Status OPEN; no fix commit; silent wrong-result class, 3 caller workarounds still in tree (http_server, vector/store, display_service)
mir_lowering_codegen_error_first_call_zero_core_dump_2026-08-06.md	DB	P1	CompileResult.CodegenError construction calls unresolved Array.first(), lowering to call 0 and crashing every fatal MIR-lowering error path	src/compiler/50.mir/_MirLoweringExpr/method_calls_literals.spl	3124	NONE	Doc says source written but confirmed NOT effective for the tested cases; const-0/unresolved placeholder path still present at line 3133
mir_qualified_field_key_namespace_mismatch_2026-08-08.md	DB	P1	MIR qualified struct-field key namespace mismatch makes b9e23914a0e new tier a no-op across an import boundary	src/compiler/50.mir/_MirLowering/function_lowering.spl	0	NONE	Doc re-confirmed 2026-08-10 root cause CONFIRMED DYNAMICALLY, fix NOT LANDED; landed change is plausibly a no-op on its own case
mir_unresolved_method_const0_fails_open_2026-07-28.md	DB	P1	Unresolved method call fails OPEN as emit_const(temp, Int(0)) while sibling sites fail CLOSED via rt_panic, producing a silently wrong binary	src/compiler/50.mir/_MirLoweringExpr/method_calls_literals.spl	3133	NONE	VERIFIED LIVE: line 3133 still prints the const-0 placeholder WARNING and continues, while line 3156 on the sibling path emits an rt_panic const_str
missing_cover_annotation_aborts_the_entire_system_test_run_2026-08-04.md	DB	P1	A single system spec lacking a # @cover annotation aborts the whole run, so 488 specs in three directories never execute	src/app/test_runner_new	0	test/03_system/stdlib/database/sdn_checksum_spec.spl	Status OPEN, no fix commit; failure mode blocks the verification oracle for 488 specs, which is a P1 class
model3d_mut_engine_free_fn_six_dynamic_args_drops_mutation_2026-07-11.md	DB	P1	A free-function call taking mut Engine3D silently drops all mutation once 6 or more sibling args are dynamic, rendering empty geometry	src/app/model3d/main.spl	0	test/02_integration/app/model3d/model3d_nested_nodes_spec.spl	Status OPEN, severity High, silent zero-geometry with exit 0; no fix commit recorded
module_global_write_lost_on_frame_pop_2026-07-28.md	DB	P1	Module-level var write is silently reverted on frame pop in the interpreted lane, inverting safety flags	src/compiler/10.frontend/core/parser.spl	0	NONE	Doc says FIX IMPLEMENTED but Stage-4 admission pending Retry 11 with no admission record; the lint fail-open half is separately fixed at f4adc39bf39d. Unsure so DB
mutate_through_index_loses_write_2026-07-31.md	DB	P1	container[key].push(x) silently loses the write for dict values and tuple/struct fields	src/compiler/50.mir/_MirLoweringExpr/method_calls_literals.spl	1563	NONE	Silent wrong results with no error; doc line 1563 comment in the lowering source confirms the d[k] vs .set() asymmetry is still described as live. Doc repro paths (src/db.spl) do not exist so a new repro is needed
mutex_rwlock_text_value_nulled_by_pure_std_backend_2026-07-28.md	DB	P1	Mutex/RwLock silently null non-int/float/bool values (text) under the default PureStd concurrent backend	src/compiler_rust/compiler/src/concurrent_providers/mod.rs	0	NONE	Status open, severity high, silent data loss with no error; the with_lock/with_read/with_write generic fix noted at line 107 covers only one of the two halves
native_build_reports_success_for_functionless_artifact_2026-08-10.md	DB	P1	native-build exits success for an artifact containing zero emitted functions	src/compiler_rust/driver/src/cli/native_build.rs	0	NONE	Doc PARTIALLY REPRODUCED; false-green class, no non-empty-symbol assertion found on the emit path
native_class_static_ctor_missing_2026-07-23.md	DB	P1	Entry-closure native lowers class static-method calls to 0 and never emits class constructors	src/compiler/50.mir/_MirLoweringExpr/method_calls_literals.spl	0	NONE	Doc severity critical, silent nil for any native app using class; no loud-error-on-unresolved-call guard found
native_concurrent_backend_spawn_not_backend_aware_join_is_2026-08-04.md	DB	P1	With a non-PureStd concurrent backend spawn skips the provider registry while join reads it, so every join returns nil	src/compiler_rust/compiler/src/interpreter_extern/concurrency.rs	215	NONE	Read the file: rt_thread_join:347 begins with an if registry.backend() != PureStd delegation; rt_thread_spawn_isolated_with_context:215 has no such check. Defect confirmed live.
native_dict_get_miss_returns_zero_not_nil_2026-07-28.md	DB	P1	Dict<K,text>.get() on a MISS returns a zero value rather than nil, silently taking the found branch	src/compiler/50.mir/_MirLoweringExpr/expr_dispatch.spl	0	NONE	Doc: FIXED for i64 and bool 2026-08-01, explicitly STILL OPEN for text. Silent-wrong-answer class.
native_empty_dict_text_value_sigsegv_2026-07-20.md	DB	P1	A text value stored into an empty-literal {} dict SIGSEGVs on read or compare under native-build	src/runtime/runtime_native.c	8008	NONE	Doc status open, severity high (crash); same text-valued-dict area as the still-open text half of native_dict_get_miss_returns_zero_not_nil
native_entry_closure_struct_return_by_value_fields_read_as_one_2026-08-17.md	DB	P1	Struct returned by value reads every field as 1 under native-build --entry-closure	src/compiler/20.hir/hir_lowering/_Items/declaration_lowering.spl	0	test/01_unit/compiler/codegen/native_struct_return_by_value_field_read_spec.spl	Status OPEN, root-caused, no codegen fix attempted; spec fixture present on disk; silent wrong values on Stage-2/3 path
native_get_args_coalesce_empty_2026-07-23.md	DB	P1	get_args() returns [] in entry-closure native: ?? [] emits rt_is_some on a raw SplArray*	src/compiler/50.mir/_MirLoweringExpr/method_calls_literals.spl	0	NONE	Severity high, argv empty in every entry-closure native binary; no status line claiming resolution
native_inlined_option_return_representation_mismatch_2026-08-02.md	DB	P1	Inlined Option return uses a different representation than the caller expects on native	src/compiler/50.mir/_MirLoweringExpr/expr_dispatch.spl	0	scripts/check/check-native-option-eq-representation.shs	Status open, P1 semantic parity; the 2026-08-08 note fixes only the blocking crash, representation mismatch remains
native_mixed_tuple_field1_statement_drop_2026-07-29.md	DB	P1	Reading field 1 of a mixed (text,i64) tuple silently drops subsequent statements	src/compiler/50.mir/_MirLoweringExpr/expr_dispatch.spl	0	NONE	Root-caused and fixed in seed lowering but pending seed rebuild; silent statement drops on the DEFAULT engine
native_nested_struct_value_copy_alias_2026-07-17.md	DB	P1	Native nested struct value copies retain aliases so writes leak into the source struct	src/compiler/50.mir/_MirLowering/function_lowering.spl	0	NONE	Status source fixed, execution pending; doc severity P1 silent wrong result
native_nil_receiver_crossmodule_method_scalar_return_2026-07-27.md	DB	P1	Cranelift AOT mis-tags a cross-module struct method's scalar return: x as i64 yields 0	src/runtime/runtime_native.c	0	NONE	Severity HIGH silent wrong value, not a crash; no status line claiming a fix landed
native_optional_tuple_payload_extraction_broken_2026-07-29.md	DB	P1	Optional-tuple payload extraction is wrong in every consumption form on the native lane	src/compiler_rust/compiler/src/hir/lower/stmt_lowering.rs	0	NONE	Root-caused and fixed in seed HIR lowering but pending a seed rebuild; silent wrong results or skipped control flow
native_option_bool_eq_against_raw_literal_2026-08-08.md	DB	P1	Native Option<bool> compared against a raw bool literal returns the wrong answer	src/compiler/50.mir/_MirLoweringExpr/expr_dispatch.spl	0	scripts/check/check-native-option-bool-eq-vs-literal.shs	Status open, P1 semantic parity, silent wrong output; fixture and guard script both exist on disk
native_try_op_on_option_silent_wrong_2026-07-14.md	DB	P1	? applied to an Option inside a Result-returning fn silently miscompiles (rc 208 vs 209)	src/compiler/50.mir/_MirLoweringExpr/switch_operators_calls.spl	0	test/fixtures/compiler/native_option_uniform_tagged_abi_repro.spl	Doc: enum-id-1 Option migration source-implemented, strict LLVM/Cranelift execution still opt-in and pending
native_with_trait_impl_no_vtable_duck_trap_2026-07-28.md	DB	P1	class X with Trait registers no vtable; native trait calls execute ud2 and trap	src/compiler_rust/compiler/src/codegen/instr/closures_structs.rs	0	NONE	Doc: Draw IR source workaround landed, compiler gap explicitly still OPEN; SimpleOS WM guest-render-fault, rip decoded to 0f 0b
nested_fn_in_spec_block_loses_captured_local_2026-08-04.md	DB	P1	Nested fn inside a spec it block does not capture block locals: silently reads zero	src/compiler_rust/compiler/src/interpreter/expr/control.rs	0	test/01_unit/os/acpi/acpi_test.spl	Doc OPEN, independently re-confirmed 2026-08-09 with a fresh minimal repro on the deployed seed
option_pattern_accepted_on_non_option_scrutinee_2026-07-27.md	DB	P1	Some(_) patterns and .unwrap_or are silently accepted on non-Option values; engines disa	src/compiler/10.frontend/core/interpreter/eval_calls.spl	0	test/01_unit/compiler/interpreter/option_result_method_dispatch_spec.spl	Doc open; instruments landed warn-only DEFAULT OFF, no fix landed [PATH DRIFT: .../interpreter/eval_methods.spl]
p256_stack_imports_nonexistent_fe_p256_module_2026-08-04.md	DB	P1	p256.spl imports std.common.math.field.fe_p256 which does not exist; P-256 unloadable	src/os/crypto/p256.spl	21	test/01_unit/os/crypto/p256_spec.spl	Verified: src/os/crypto/p256.spl:21 `use std.common.math.field.fe_p256`; src/lib/common/math/field/fe_p256.spl absent on disk
parse_family_strips_option_jit_native_2026-08-02.md	DB	P1	parse_i64/parse_f64 text-method family silently strips the Option under JIT and native	src/compiler_rust/compiler/src/interpreter_method/string.rs	0	NONE	Doc OPEN, only stage-0 measurement landed; cited interpreter_method/string.rs still present
parser_bare_trailing_neg_literal_folds_prev_line_2026-07-27.md	DB	P1	A bare trailing `-1` return line folds into the previous line, silently wrong value	src/lib/common/config_core/layers.spl	88	NONE	Live shape still in tree: _cfg_find_char ends with `i = i + 1` then a dedented bare `-1` at layers.spl:88
paseto_v4_tampered_token_signature_accepted_2026-07-20.md	DB	P1	PASETO v4 verification accepts a tampered token instead of rejecting the bad signature	test/unit/lib/crypto/paseto_v4_kat_spec.spl	0	test/unit/lib/crypto/paseto_v4_kat_spec.spl	Doc OPEN, authentication-bypass shaped; no fix commit found. Primary source module unlocated so the KAT spec is the anchor
placeholder_lambda_as_fn_param_callback_unevaluated_2026-07-20.md	DB	P1	Placeholder lambda (_1 + 1) passed to a user free-function param is never invoked	src/lib/nogc_async_immut/combinators/__init__.spl	0	test/unit/lib/gc_async_immut/facade_resolution_spec.spl	Doc OPEN under both run and test; distinct from the interpolated-arg desugar gap fixed 2026-08-09
portable_compute_cuda_emitter_pure_simple_segfault_2026-07-17.md	DB	P1	portable_compute_emit main.spl segfaults on the release binary, emitting empty PTX source	src/app/portable_compute_emit/main.spl	0	scripts/check/check-portable-compute-toolchains.shs	Doc status Open; both the emitter entry and the fail-closed checker script are still present in tree
primitive_receiver_trait_impl_dispatch_2026-08-07.md	DB	P1	Trait impl on primitive Self honoured only by interpreter; JIT fails open, native SIGSEGVs	src/compiler/35.semantics/resolve_strategies.spl	0	test/01_unit/language/primitive_receiver_trait_impl_dispatch_spec.spl	Doc OPEN: export half fixed (30697f688ed) but Defect A (seed JIT) unfixed and Defect B's fix recipe was clobbered before landing
private_helper_name_collision_across_modules_has_2026-08-17.md	DB	P1	Private helper `_has` resolves to a same-named private fn in another module, wrong answers	src/app/build/targets/change_classifier.spl	56	test/01_unit/app/build/build_targets_spec.spl	Live: change_classifier.spl:56 defines `fn _has`; the spec renamed its helper to _has_error (comment at build_targets_spec.spl:32-37)
promise_new_push_reassign_same_scope_as_nested_closure_2026-07-29.md	DB	P1	Module-array push+reassign reads stale when the same fn also defines a nested closure	src/lib/nogc_async_mut/async/promise.spl	0	test/01_unit/lib/std/concurrency/promise_spec.spl	Doc open with only a spec-side workaround; root cause stated to be in the interpreter, not fixable from pure Simple
pure_simple_field_type_identity_keys_dispatch_2026-07-14.md	DB	P1	Field expr losing Dict<K,V> type misdispatches .keys() to Map.keys and segfaults natively	src/compiler/20.hir/hir_lowering/types.spl	0	NONE	Doc open compiler architecture debt, bounded workaround at 3 async-desugar Dict walks only; GDB Map.keys->desugar_module
pure_simple_untyped_list_element_read_unconditional_int_decode_segv_2026-08-08.md	DB	P1	Untyped `list` element read unconditionally int-decodes, SIGSEGV on non-int content	src/compiler/50.mir/_MirLoweringExpr/expr_dispatch.spl	0	scripts/check/check-untyped-list-element-shift.shs	Gate script and fixture exist; doc records correct-for-int / SIGSEGV-for-non-int split with no landed guard
query_visibility_option_i64_match_exhausted_2026-07-20.md	DB	P1	query_visibility and lsp_query crash: Option<i64> match exhausted on a raw i64 in symbol	src/app/cli/_QueryVisibility/symbol_resolution.spl	0	test/02_integration/app/query_visibility_surfaces_spec.spl	File still present; no Option<i64> match guard found; three integration specs cited as RED
rain_parity_volatile_channel_recovery_dataloss_2026-07-18.md	DB	P1	Ftl.rain_recover_channel rebuilds from an in-DRAM parity table, so recovery loses data	examples/09_embedded/simpleos_nvme_fw/fw/ftl.spl	0	NONE	rain_parity is a volatile [i64] maintained only on the write path; no on-media persistence found
ref_debug_profiler_handle_stops_aliasing_unless_tail_expression_2026-08-09.md	DB	P1	A capability handle stops aliasing its target unless the acquisition is the function's	src/lib/common/debug/ref_debug_session.spl	0	test/01_unit/lib/debug/debug_target_ref_spec.spl	Doc OPEN, worked around in src/app/simple_lab/lab_debug.spl; silent wrong answers with no diagnostic
riscv64_cranelift_smf_fs_boot_regression_2026-06-14.md	DB	P1	Rebuilt riscv64 smf_fs kernel ELF emits no markers after OpenSBI handoff; lane green only from stale artifact	src/compiler/70.backend/backend/llvm_cross_target.spl	0	NONE	Doc OPEN P1 reproducibility; [PATH DRIFT: build/os/simpleos_riscv64_smf_fs.elf is a build artifact]
riscv64_native_entry_call_compare_codegen_2026-06-30.md	DB	P1	Native entry-closure rv64 drops extern call when compared to a literal: `if rt_x() == 1` folds to a constant	src/compiler/50.mir/_MirLoweringExpr/expr_dispatch.spl	0	NONE	Doc open; silent wrong codegen, no rt_riscv_* undefined symbols in emitted object
riscv_cross_target_nil_receiver_phase3_hir_2026-07-24.md	DB	P1	riscv{32,64}-unknown-none native-build dies with "field access on nil receiver" in phase3 HIR lowering	src/compiler/20.hir/hir_lowering/module_surface.spl	0	scripts/check/check-nvme-rv32-minimal-live.shs	Doc OPEN P0, blocks all riscv cross builds; fix was only staged in WC, redeploy never confirmed
rt_io_file_family_undefined_stubbed_silent_data_loss_2026-08-05.md	DB	P1	File.write returns Ok and writes nothing: rt_io_file_* externs get fabricated zero stubs under native/JIT	src/lib/nogc_sync_mut/io/file.spl	515	test/01_unit/lib/io/file_seek_openmode_native_check.spl	Externs at file.spl:515-517; Rust defs exist in io_file.rs but stubs.rs stubbing path unverified
rt_vulkan_only_executes_under_classic_interpret_2026-06-17.md	DB	P1	rt_vulkan_* silently report zero devices outside the classic interpreter; native stub returns 0 with no error	src/runtime/runtime_native.c	241	NONE	Verified runtime_native.c:241 rt_vulkan_device_count is still a weak stub returning 0
rust_seed_native_bool_arg_inlined_call_wrong_value_2026-07-17.md	DB	P1	Seed cranelift codegen returns the wrong value from a bool-arg call after inlining	src/compiler_rust/compiler/src/codegen/instr/body.rs	0	src/compiler_rust/compiler/tests/compile_and_run.rs	Doc status 'Found, NOT fixed'; silent wrong result with no and/or involved; no bool-arg inlining fix found in body.rs
rv64_ssh_aes_gcm_post_newkeys_stall_2026-06-14.md	DB	P1	RV64 sshd stalls inside AES-GCM encrypt for the first post-NEWKEYS packet (SSH_MSG_EXT_INF	src/os/apps/sshd/ssh_cipher_live.spl	0	test/03_system/os/rv64_ssh_live_login_in_qemu_spec.spl	Doc Open, Severity P0 for RV64 live SSH; cipher.active=true and encrypted_io=true yet no encrypted packet bytes are ever produced
rv64_web_gate_arm64_import_leak_and_storage_2026-06-15.md	DB	P1	RV64 HTTP+NVFS gate gets zero GET-200: arm64 import leaks into the link, storage unavailab	src/os/kernel/arch/riscv64/boot.spl	0	test/03_system/os/simpleos_riscv_network_gate_spec.spl	Doc Open P1, verdict NOT VERIFIED; arm64 sandbox-paging modules leak into the rv64 link closure and NVFS storage is unavailable at runtime
salsa20_xsalsa20_keystream_kat_mismatch_2026-07-20.md	DB	P1	Salsa20/XSalsa20 keystream does not match the DJB/NaCl/libsodium published KAT vectors	src/os/crypto/salsa20.spl	0	test/unit/lib/crypto/salsa20_kat_spec.spl	Doc OPEN with an explicit 'do not touch the expected vectors'; salsa20.spl and xsalsa20.spl still present and producing wrong keystream byte
seed_emit_object_superlinear_hang_large_module_2026-07-20.md	DB	P1	native-build --emit-object never emits IR for a 479-fn module; runs killed at 1h, 3h and 6	src/compiler/70.backend/backend/_MirToLlvm	0	NONE	Doc open, blocks the rv32 NVMe firmware QEMU gate with zero object output; the landed hot-path fix 6e20fe04e80 explicitly did not cure it
seed_gc_js_engine_typeof_undefined_and_for_desugar_regression_2026-08-15.md	DB	P1	Seed breaks the in-process JS engine: 'for is not defined', '__simple_i is not defined', t	src/compiler_rust/compiler/src/interpreter/node_exec.rs	0	test/03_system/feature/js/es5_conformance_spec.spl	Doc OPEN, seed statement-dispatch regression around origin/main wave 28153fd430d; silently breaks BrowserSession.open_html and ES5 conforman
seed_interp_defer_lazy_imports_module_globals_2026-07-24.md	DB	P1	Seed native-build --backend llvm dies parsing file 1: 'array index out of bounds: index 3,	src/compiler_rust/compiler/src/interpreter/expr/collections.rs	0	NONE	Doc bisected it to d312b8e4253 (defer lazy imports) breaking module-global arrays; the Rust-side fix is still pending, workaround pins seed
seed_interp_explicit_i64_default_arg_poisons_render_backgrounds_2026-07-11.md	DB	P1	Passing explicit i64 budget_ms arg to software_pixels renderer paints all backgrounds	src/lib/gc_async_mut/gpu/browser_engine/simple_web_html_layout_renderer.spl	0	test/01_unit/lib/gc_async_mut/gpu/browser_engine/web_engine_budget_hardening_spec.spl	Renderer file present; no default-arg marshalling fix found in seed; silent wrong pixels
seed_interp_flat_nullable_unwrap_wrong_value_2026-07-16.md	DB	P1	Bare .unwrap() on flat-nullable T? routes to rt_enum_payload and returns wrong value	src/compiler_rust/compiler/src/codegen/instr/closures_structs.rs	966	scripts/check/check-native-seed-parity.shs	Doc says patch staged in a scratch worktree, never deployed; closures_structs.rs still has generic unwrap fallthrough arms
seed_interp_option_match_falls_through_at_scale_2026-07-18.md	DB	P1	if opt.? re-decides presence from payload truthiness so Some(0)/Ok(0) takes the wrong	src/compiler_rust/compiler/src/runtime_bridge.rs	0	test/03_system/interpreter/option_match_some_zero_regression_spec.spl	Doc states fix NOT verified by rebuild (CPU gate blocked cargo); regression spec was RED at filing
seed_interpreter_to_int_wrong_dispatch_2026-07-03.md	DB	P1	.to_int() on a split()-produced string returns pointer-like garbage instead of the parsed	src/compiler_rust/compiler/src/interpreter_method/string.rs	0	NONE	string.rs still holds the correct "to_int" impl; dispatch shadowing not addressed anywhere in interpreter_method
seed_jit_boxed_int_61bit_drops_high_bits_2026-07-22.md	DB	P1	JIT boxes i64 as (v<<3)|TAG giving a 61-bit channel; 0x8010000000000000 loses bit 63	src/compiler_rust/runtime/src/value/core.rs	0	test/01_unit/lib/hardware/rv64gc_rtl/core64_probe.spl	core.rs still uses the <<3 tagged inline int representation; doc says fix awaiting go-ahead
seed_jit_me_method_array_of_struct_writeback_nil_receiver_2026-07-23.md	DB	P1	me-method write-back into a self array-of-structs field aborts with field access on nil	src/lib/hardware/link_mux/mux.spl	0	NONE	mux.spl still carries the free-function workaround; doc re-verified fresh 2026-08-10 with the exact repro
seed_jit_miscompiles_soc_top_64_masked_by_fallback_2026-07-22.md	DB	P1	With lowering fallbacks removed the seed JIT miscompiles soc_top_64: 57 probe failures vs	src/compiler_rust/compiler/src/codegen/jit.rs	0	test/01_unit/lib/hardware/rv64gc_rtl/core64_probe.spl	jit.rs present; no soc_top_64 codegen fix in log; core64 alone JITs correctly so defect is run-loop/CSR specific
seed_jit_spl_f64_to_bits_miscompile_2026-07-23.md	DB	P1	Seed JIT returns spl_f64_to_bits result float-tagged: array readback differs and i64 ==	src/compiler_rust/compiler/src/codegen/instr/calls.rs	0	NONE	Same boxed-tag class as the still-open 61-bit boxing defect; no extern-return retag fix found in calls.rs
seed_jit_string_to_i64_float_tagged_silent_wrong_2026-07-28.md	DB	P1	text.to_i64()/.to_int() return a FLOAT-tagged value under seed JIT so "42".to_i64() == 42	src/compiler_rust/compiler/src/codegen/instr/calls.rs	0	NONE	closures_structs.rs:1379 comment still describes the to_int unwrap_or(TypeId::I64) fallback; no retag landed
seed_jit_unresolved_symbol_segfault_and_silent_pass_2026-08-10.md	DB	P1	Seed JIT SIGSEGVs on `[i64]()` and silently passes a bare undefined-variable read the	src/compiler_rust/compiler/src/codegen/jit.rs	0	scripts/check/check-jit-unresolved-symbol-guard.shs	Fence script exists and is deliberately RED on the roster; jit.rs unchanged for unresolved-name diagnostics
seed_jit_wide_i64_literal_miscompile_2026-07-27.md	DB	P1	Seed JIT materializes 0x7FFFFFFFFFFFFFFF as -1 and 0x8000000000000000 as 0; interpreter	src/compiler_rust/runtime/src/value/core.rs	0	NONE	Consistent with the still-open (v<<3) 61-bit boxing in core.rs; no constant-materialization fix in log
self_hosted_simpleos_target_native_build_crash_2026-07-11.md	DB	P1	native-build --target x86_64-unknown-simpleos dumps core before writing any cache file or	src/app/cli/native_build_main.spl	0	scripts/os/simpleos-native-build.shs	Wrapper and CLI target parsing both present; doc records a later partial recovery but the focused crash path is not closed
selfhost_native_build_const_eval_mapnew_body_on_string_2026-07-17.md	DB	P1	Frontend Map.new()/Dict.new() const-eval makes the seed report "unknown property or	src/compiler_rust/compiler/src/interpreter/expr/calls.rs	0	scripts/check/native-smoke-matrix.shs	calls.rs present; bisect names 71fe6f97be4 as the reintroducing commit; native-build 0/18 even for fn main() -> i64: return 0
selfhost_two_hop_field_method_mutation_lost_2026-07-27.md	DB	P1	A mutating method call two struct-field hops from self (self.world.output_bufs.insert)	src/compiler/10.frontend/core/interpreter/eval_access.spl	0	test/01_unit/compiler/two_hop_field_method_mutation_spec.spl	eval_access.spl and the regression spec both present; root cause is the interpreter place model for any chain of depth >= 2
serial_usb_sigsegv_cascade_2026-05-30.md	DB	P1	serial_open SIGSEGVs at address 0x8 on USB disconnect; forked children cascade and tear	src/runtime/runtime.c	0	NONE	runtime.c present; doc status is Open with only crash-handler and fd guards landed, not the null struct-field deref itself
set_method_route_dict_returns_nil_array_tuple_silent_noop_2026-08-02.md	DB	P1	dict .set() returns nil under the seed JIT while the mutation lands; array/tuple .set	src/compiler/50.mir/_MirLoweringExpr/method_calls_literals.spl	0	NONE	Re-verified 2026-08-10 against the deployed seed: JIT ret=nil vs interpreter ret={a:1,b:2}; "set"/"insert" still absent from is_dict_method_
simple_check_parse_only_false_green_2026-07-19.md	DB	P1	simple check exits 0 with All checks passed on `val x: i64 = "text"` (HM never fatal)	src/app/check/main.spl	0	NONE	git grep for SIMPLE_TYPECHECK_FATAL and run_typecheck_fatal_pass over src returns zero hits: the fatal path still does not exist
simpleos_freestanding_nil_array_init_optimizer_guard_fold.md	DB	P1	Freestanding one-binary builds never run module-global array initializers; nil reaches	scripts/os/fsexec_mkimg_simple.spl	0	scripts/os/ssh_simple_hello_uefi.shs	Status OPEN-ARCHITECTURAL; no fix commit found; module-init gap distinct from crt0 fix already landed
simpleos_native_build_entry_closure_codegen_defects_2026-07-17.md	DB	P1	Entry-closure cranelift drops module-global call initializers, nils if-val hits, and	src/compiler_rust/compiler/src/mir/lower/lowering_core.rs	0	scripts/check/check-simpleos-x86-64-wm-render-event-evidence.shs	C1/C2/C3 carry only workarounds not root fixes; C8 fault cr2=0x0001e0ec8148e589 recorded unresolved
simpleos_optimizer_loses_alias_key_array_2026-07-13.md	DB	P1	Optimizer passes tagged nil as local_ids so local_count_index faults loading array length	src/compiler/70.backend/backend/native/isel_x86_64.spl	0	NONE	No fix or status line in doc; producer of the nil handle never identified; GDB/watchpoint attempts all failed
simpleos_riscv64_defsym_unknown_symbol_aliasing_2026-07-28.md	DB	P1	link_simpleos_riscv64 aliases 13 lost-call-target unknown_N symbols onto 5 real kernel	src/compiler/70.backend/backend/llvm_native_link.spl	3095	NONE	Verified live: lines 3095-3107 still push --defsym=unknown_0..12 onto rt_riscv_uart_put/_uart_put/etc
simpleos_scenario_runner_no_selfhosted_binary_deployed_2026-08-06.md	DB	P1	os test --scenario fails with no runnable pure-Simple compiler because every candidate	src/os/_QemuRunner/os_build_run.spl	0	NONE	bin/simple is still a Rust seed dated 2026-08-16 per session context; _find_simple_binary_for_target unchanged
simpleos_x86_64_baremetal_link_ud2_fault_symbol_2026-07-17.md	DB	P1	Every x86_64 baremetal link fails on undefined spl_x86_on_kernel_ud2_fault referenced	src/os/kernel/arch/x86_64/interrupt.spl	372	scripts/check/check-simpleos-memory-leveling-qemu.shs	Symbol still defined ONLY at interrupt.spl:372 via @export("C"); entry-closure tree-shake still drops C-only-referenced exports
simple_runner_native_perf_hash_gap_2026-06-01.md	DB	P1	LLVM native-build of simple_runner emits fill hash 2575739855 instead of C reference	src/compiler_rust/compiler/src/codegen/llvm/functions/calls.rs	0	test/05_perf/graphics_2d/simple_runner.spl	Both cited paths exist; wrong-result hash divergence LLVM vs interpreter, no fix commit found
simple_test_runner_memory_leak_2026-06-14.md	DB	P1	The long-lived parent `bin/simple test` process grows to 45-118 GB RSS and is OOM-killed	src/lib/nogc_sync_mut/test_runner/test_runner_main.spl	0	NONE	All five cited test_runner .spl files still present; no-GC parent per-spec leak, no fix commit found
smf_header_wire_layout_diverges_rust_vs_simple_2026-08-10.md	DB	P1	Simple and Rust SMF headers disagree on every offset from section_table_offset onward	src/compiler/70.backend/linker/smf_header.spl	0	src/compiler/70.backend/linker/test/smf_layout_parity_spec.spl	Status OPEN ARCHITECTURAL; header.spl and object_provider.spl both present, live misdecode of Rust-written files
smf_reader_bridge_silent_nil.md	DB	P1	rt_smf_reader_open has no implementation so SmfReaderFfi.open returns Ok for any path	src/compiler/70.backend/linker/smf_reader.spl	61	test/01_unit/compiler/linker/gpu_smf/smf_reader_adapter_spec.spl	git grep rt_smf_reader_open across src shows only the extern decl at smf_reader.spl:61 plus comments; silent wrong answer
spawn_call_expr_silently_becomes_nillit_2026-07-29.md	DB	P1	spawn(...) call expressions lower to HirExprKind.NilLit, discarding callee and args with	src/compiler/10.frontend/_FlatAstBridge/convert_nodes.spl	0	test/01_unit/compiler/semantics/transfer_share_semantic_spec.spl	convert_nodes.spl and the cited spec both exist; silent loss of program semantics, status open
spec_harness_module_global_mutation_via_function_invisible_2026-08-07.md	DB	P1	Under bin/simple test a module var mutated inside a called fn reads back unchanged; run	src/app/test_runner_new/test_runner_single.spl	0	NONE	Status OPEN not root-caused; reproduces for plain i64 globals, harness-only, wrong results in specs
spec_it_block_reads_stale_module_var_2026-08-04.md	DB	P1	An it body reads a module var at its registration-time value even after a helper writes it	src/compiler_rust/compiler/src/interpreter/expr/control.rs	0	test/03_system/feature/baremetal/modvar2_spec.spl	Re-verified 2026-08-10 in doc; control.rs and modvar2_spec.spl both exist; regression spec left RED on purpose
spec_runner_drops_sibling_top_level_describe_2026-06-28.md	DB	P1	Only the LAST sibling top-level describe runs; earlier groups are dropped and still	src/lib/nogc_sync_mut/spec.spl	0	NONE	Hollow-green: measured 8 of 38 it blocks run in libc_stdlib_spec; no fix commit found and spec.spl has no sibling-group accumulator
sspec_expect_eq_to_equal_false_silently_wrong_2026-07-17.md	DB	P1	expect(a == b).to_equal(false) is rewritten to expect(a).to_equal(b) asserting the	src/compiler_rust/compiler/src/interpreter_call/bdd.rs	976	test/01_unit/compiler/interpreter/logical_short_circuit_spec.spl	bdd.rs still special-cases bare == subjects; no matcher-desugar fix commit found; 18 spec files use the pattern
sspec_module_docstring_plus_subprocess_it_false_green_2026-08-08.md	DB	P1	Large module docstring plus subprocess-heavy it blocks makes later false assertions	src/compiler_rust/compiler/src/interpreter_call/bdd.rs	1	test/03_system/check/windows_symlink_checkout_guard_spec.spl	Not reproduced on Linux seed but never root-caused; false-green class is P1 and no fix commit exists
sspec_runner_process_exit_and_elif_2026-06-29.md	DB	P1	process_run exit code returns 0 for a failing child under test and 3-way if/elif/else	src/compiler_rust/compiler/src/interpreter_call/bdd.rs	1	test/03_system/app/nvme_firmware/nvme_rv32_baremetal_boot_spec.spl	Two wrong-result defects; no elif-evaluation or exit-code plumbing fix commit located
sspec_test_path_value_semantics_divergence_2026-07-20.md	DB	P1	The .? operator and class-in-array aliasing give wrong values under simple test but	src/compiler_rust/compiler/src/interpreter_call/bdd.rs	1	test/03_system/interpreter/interpreter_system_spec.spl	Both cited specs still present; the test-vs-run evaluator split is unaddressed in current source
starfive_check_deployed_simple_segv_2026-08-15.md	DB	P1	Deployed simple check segfaults on StarFive implementation files	src/lib/nogc_async_mut/fs_driver/ramfs.spl	0	scripts/lib/simple-compiler-select.shs	Status: OPEN, deployed full-CLI tooling defect; both cited paths present
std_math_abs_f64_returns_zero_2026-08-08.md	DB	P1	math_abs(-3.0) returns 0.0 on the interpreter path	src/lib/math.spl	21	NONE	Doc says "recorded rather than fixed"; fn math_abs(x: f64) still at src/lib/math.spl:21 — wrong numeric result
struct_dict_field_mutation_engine_divergence_2026-08-10.md	DB	P1	Dict-in-struct field mutation through a by-value receiver diverges by engine, silently losing writes	src/lib/nogc_sync_mut/service/lease_manager.spl	126	test/01_unit/compiler/interpreter/self_field_assign_spec.spl	Doc marks lease_manager sites FIXED (ba00d1781eb) but sj_daemon/request_handler.spl only PARTLY FIXED; engine divergence itself unresolved
struct_field_array_pop_no_shrink_2026-07-30.md	DB	P1	.pop() on a struct-field array does not shrink the array on current main	src/compiler_rust/compiler/src/interpreter_method/mod.rs	0	test/01_unit/lib/editor/document_service_spec.spl	Doc says RESOLVED but then states "not fixed in the newest source — current main is broken. No commit"; treating as live
struct_shorthand_arg_order_binds_wrong_field_2026-07-20.md	DB	P1	Struct-literal shorthand arg after an explicit named arg binds to nil/the wrong field slot	src/compiler/10.frontend/core/parser_stmts.spl	0	test/feature/usage/struct_shorthand_spec.spl	No status marker; doc says shorthand args are slot-positioned instead of name-resolved [PATH DRIFT: doc cites no source file]
symbolkind_enum_match_fails_cross_module_discriminant_minus_one_2026-07-29.md	DB	P1	rt_enum_discriminant returns -1 so SymbolKind variant patterns never match through HirLowering.symbols	src/lib/gc_async_mut/gpu/browser_engine/gpu_web/layout/contracts.spl	0	test/01_unit/compiler/hir/symbol_table_id_zero_spec.spl	Doc fixes only 2 of the duplicate-name collisions (cf. 3e92fc11511 for CompiledSymbolKind); family root cause still open
tag_boxing_value_corruption_family_triage_2026-08-01.md	DB	P1	?? on a raw i64 whose value is 3 returns none under JIT (TAG_SPECIAL=0b011 collision)	src/compiler_rust/runtime/src/value/tags.rs	7	NONE	Doc's own status: 2 of 4 still OPEN (#2 JIT-only); tags.rs TAG_SPECIAL mechanism cited with file:line
test_invocation_fixed_setup_cost_caps_every_sweep_2026-08-17.md	DB	P1	bin/simple test pays ~310s fixed setup per invocation; directory targets rejected, capping	src/app/test_daemon/light_daemon.spl	132	NONE	Status OPEN; light_daemon.spl:132 confirms per-request re-spawn of test_runner_single.spl as documented
test_runner_emits_no_result_summary_silent_exit0_2026-08-17.md	DB	P1	bin/simple test <spec> prints no pass/fail summary and exits 0 (silent green) on deployed 	src/compiler_rust/driver/src/main.rs	524	NONE	Doc: seed fix pending redeploy — deployed bin/simple (2026-08-16) still carries the defect; shell guard only
test_runner_interpreter_file_summary_greenwash_2026-07-03.md	DB	P1	Interpreter-mode file summary reports 'Failed: 0' while individual it blocks fail	src/app/test_runner_new/test_runner_main.spl	0	NONE	No fix/RESOLVED marker anywhere in doc; workaround-only section is the last word
test_runner_phantom_failed_after_all_examples_pass_2026-07-20.md	DB	P1	File-level Failed count adds a phantom +1 after all it examples pass (9+ confirmed specs)	src/app/test_runner_new/test_runner_main.spl	0	test/02_integration/app/loader_run_function_spec.spl	No fix section; 9 confirmed instances tabulated; overlaps but distinct from the imported-main phantom (that one fixed)
test_unit_legacy_mirror_divergence_2026-08-04.md	DB	P1	test/unit is a frozen 8,308-file mirror of test/01_unit and BOTH run, giving conflicting v	scripts/check/test_tree_divergence_baseline.txt	0	scripts/check/check-test-tree-divergence.shs	Both trees still live in the repo tree; guard exists only to fence divergence, not remove the mirror
text_index_of_start_arg_dropped_and_error_sentinel_leak_2026-07-28.md	DB	P1	text.index_of(needle,start) drops start; run lane leaks the error sentinel as a data value	src/compiler/50.mir/_MirLoweringExpr/method_calls_literals.spl	0	NONE	Status OPEN, fix not contained (needs new runtime symbol); probe files present
text_len_bytes_vs_index_codepoints_2026-07-02.md	DB	P1	text.len() returns bytes while text[i] indexes codepoints, so ASCII-safe loops panic on	src/compiler/10.frontend/core/interpreter/eval_access.spl	0	NONE	Status Open, semantics decision required; both cited impl files still present
text_starts_with_miscompiled_to_bytespan_name_collision_2026-07-27.md	DB	P1	cranelift resolves methods by name only, so text.starts_with compiles to	src/compiler_rust/compiler/src/codegen/instr/closures_structs.rs	0	NONE	No status marker; cited codegen file still present, no fix commit located
threadpool_duplicate_export_collapses_type_2026-08-02.md	DB	P1	two exported classes named ThreadPool collapse into one type exposing neither class's API	src/lib/nogc_async_mut/thread_pool.spl	0	NONE	Status OPEN; both thread_pool.spl and io/file.spl exist and still export the colliding name
tierless_std_import_ambiguity_resolves_by_registration_order_2026-07-29.md	DB	P1	tier-less `use std.X` picks a module by registration order, silently selecting the wrong	src/compiler/99.loader/module_resolver/resolution.spl	0	test/01_unit/compiler/module_resolver/tier_ambiguity_warning_spec.spl	Stage 1 landed a NON-FATAL warning only; wrong-symbol selection itself still live; spec present
to_int_optional_lies_and_some_i64_payload_shift_2026-07-27.md	DB	P1	text.to_int() optional never signals failure and Some(<i64>) payload is shifted x8 under	src/lib/common/convert.spl	0	NONE	Status OPEN — compiler/runtime defects not patched, only library call sites made defensive with == nil
trait_conformance_check_ignores_arity_2026-08-04.md	DB	P1	trait conformance matches by method NAME only; parameter types are never compared	src/compiler/25.traits/trait_impl.spl	0	scripts/check/check-trait-arity.spl	Status 'ARITY ARMED / TYPES STILL OPEN'; check-trait-arity.spl exists, type comparison still missing
trait_default_body_segfaults_via_trait_object_2026-08-06.md	DB	P1	a trait method with a default body segfaults when invoked through a trait object	src/os/compositor/input_backend.spl	0	test/fixtures/repro/compiler/trait_default_body_segfault/probe3_trait_default_body_crashes.spl	Status 'Root-caused, not fixed'; repro fixture path recorded in doc
tree_wipe_module_damage_census_2026-08-04.md	DB	P1	tree-wipe left 39 truncated modules; only 3 restored, the rest still short of their	src/lib/common/format_utils.spl	0	NONE	Status OPEN, inventory complete, 3 of 39 restored; cited modules present but census not closed
try_operator_on_option_no_early_return_2026-08-08.md	DB	P1	`?` applied to an Option neither early-returns nor yields a matchable value	src/compiler/50.mir/_MirLoweringExpr/switch_operators_calls.spl	0	scripts/check/check-try-operator-error-propagation.shs	Status OPEN; the fail-closed check script exists at the cited path
tuple_destructuring_does_not_bind_2026-07-27.md	DB	P1	val (a,b,c) = <non-tuple> silently binds nothing instead of erroring	src/lib/process.spl	0	NONE	Status OPEN, diagnosis complete, fix withheld because lane GFIX owned src/compiler_rust/**
type_alias_declarations_discarded_at_parse_2026-07-29.md	DB	P1	`type X = Y` alias declarations are dropped at parse time so no later stage can see them	src/compiler/10.frontend/core/_ParserDecls/enum_module_body.spl	0	NONE	No FIXED marker; both cited parser and type_walk files present
u64_collections_clobber_recurrence_engine_2026-08-11.md	DB	P1	the collections.rs stale-snapshot clobber is one commit replayed six times and still armed	src/compiler_rust/runtime/src/value/collections.rs	0	NONE	Status: root cause found, origin repaired, but the recurrence mechanism is explicitly still armed
ui_backend_isolation_gate_red_and_unreachable_2026-08-01.md	DB	P1	UI backend-isolation gate has been red since 2026-07-25 and is never executed in CI	scripts/check/check-ui-backend-isolation.shs	0	scripts/check/check-ui-backend-isolation.shs	Gate script confirmed present; doc records it as red and unwired, so nothing enforces the isolation
ui_scene_route_owner_lookup_ignores_producer_scope_2026-08-08.md	DB	P1	ui_scene_route_event resolves owners by a producer-private id with no producer scope, so	src/lib/common/ui/ui_scene_event_route.spl	0	NONE	Status OPEN (filed, not fixed); route, owner_table and wm_packed_producer modules all present
unknown_field_access_no_static_error_2026-08-10.md	DB	P1	Unknown struct/class field access silently writes a phantom field with no static error	src/compiler_rust/compiler/src/hir/lower/expr/access.rs	0	NONE	Status OPEN; access.rs still present; no unknown-field lint exists in src/compiler/35.semantics
untyped_fn_result_erased_to_zero_2026-08-01.md	DB	P1	An untyped function's result is erased to 0 or to value<<3 with no error	src/compiler_rust/compiler/src/hir/lower/type_resolver.rs	0	NONE	Status Open, Severity High; type_resolver.rs bare-name path still the cited Any-erasure locus
untyped_list_element_read_seed_rootcause_2026-07-30.md	DB	P1	Untyped `list` element read lowers to a struct-field read, returning wrong values	src/compiler_rust/compiler/src/mir/lower/lowering_expr_struct.rs	0	NONE	Doc PROVED locus MIR-dump-confirmed; lowering_expr_struct.rs still present, no resolution section
verification_std_cross_module_type_name_collision_2026-08-17.md	DB	P1	ContractExpr/ContractExprKind resolve to the wrong module across verification/models	src/compiler_rust/lib/std/src/verification/models/contracts.spl	0	test/00_formal_verification/compiler/unified_attrs_spec.spl	Status OPEN dated today, spec left RED by policy; both cited files present
vmm_copyin_cross_page_bytes_lost_2026-07-20.md	DB	P1	vmm_copyin_bytes_from_space returns empty bytes when a copy crosses two mapped pages	test/01_unit/os/kernel/memory/vmm_copyin_spec.spl	140	test/01_unit/os/kernel/memory/vmm_copyin_spec.spl	Status Open, GENUINE-BUG; spec present with the unedited repro at lines 140-163
web_paint_wallclock_budget_flake_2026-07-31.md	DB	P1	Web paint path aborts on a wall-clock deadline, making every pixel-verifying spec	src/lib/gc_async_mut/gpu/browser_engine/simple_web_html_layout_renderer_paint_layout.spl	0	NONE	Status OPEN, explicitly out of scope of finding campaign; nondeterministic pixels = wrong results
web_renderer_duplicate_public_entry_binding_2026-08-04.md	DB	P1	simple_web_render_html_to_pixels_with_engine2d_backend is defined in two modules; use	src/lib/gc_async_mut/gpu/browser_engine/simple_web_engine2d_renderer.spl	0	NONE	git grep -c shows 1 definition each in simple_web_engine2d_renderer.spl and simple_web_renderer.spl; duplicate still live
web_renderer_layout_paint_hang_resolution_independent_2026-07-14.md	DB	P1	Pure-Simple web renderer hangs in compute_styles regardless of pixel count, blocking PPM	src/lib/gc_async_mut/gpu/browser_engine/simple_web_html_layout_renderer.spl	0	NONE	No Status line; renderer + font_renderer present; matches still-open style-producer cost docs
web_render_full_engine_call_order_nondeterminism_2026-07-12.md	DB	P1	Full HTML layout engine emits different pixels for identical input depending on call order	src/lib/gc_async_mut/gpu/browser_engine/simple_web_html_layout_renderer.spl	0	NONE	No Status line; nondeterministic output = wrong results; no fixing commit found
web_render_gpu_backend_provenance_fabricated_2026-06-17.md	DB	P1	Web-render reported a GPU backend provenance it never obtained from a device	src/lib/gc_async_mut/gpu/browser_engine/simple_web_engine2d_renderer.spl	0	NONE	No RESOLVED line; later 2026-08 provenance-gate docs show gate exists but fabrication root not closed
web_showcase_vector_font_evidence_style_budget_truncation_2026-08-01.md	DB	P1	CSS style pass truncates on wall-clock budget so the vector-font marker node keeps	src/lib/gc_async_mut/gpu/browser_engine/simple_web_html_layout_renderer_core.spl	0	NONE	Status ROOT-CAUSED, fix not landed; also described as fail-open evidence gate
web_software_oracle_blanks_text_on_budget_exhaustion_2026-08-04.md	DB	P1	Software web-render oracle silently blanks all text when its wall-clock budget is	src/lib/gc_async_mut/gpu/browser_engine/simple_web_html_layout_renderer.spl	0	NONE	Status open; silent blanking makes the comparison oracle produce wrong results
wildcard_std_spec_import_drops_expect_not_2026-08-04.md	DB	P1	use std.spec.* silently omits expect_not, the matcher the linter and checker_spipe emit	src/lib/gc_async_mut/spec.spl	42	NONE	expect_not IS in the explicit export list (spec.spl:42) but doc says wildcard path drops it; Status OPEN
wm_font_config_language_corrupted_by_cross_struct_copy_2026-08-11.md	DB	P1	config.language reads 'normal' instead of 'und' via cross-struct copy; all 8 text Draw IR	src/os/compositor/wm_action_applier.spl	0	scripts/check/check-simpleos-wm-fullscreen-evidence.shs	Doc says fix written in working copy but NOT LANDED and rung-(d) questions UNANSWERED
wm_guest_css_var_unresolved_blocks_material_admission_2026-08-09.md	DB	P1	Guest renders theme sheet with var() UNRESOLVED, failing two material-admission terms not	src/lib/gc_async_mut/gpu/browser_engine/simple_web_html_layout_renderer.spl	0	scripts/check/check-simpleos-wm-fullscreen-evidence.shs	Doc OPEN, high; supersedes wm_window_bg_layers doc's root cause; renderer file present
wm_protocol_status_event_symbols_never_implemented_2026-07-28.md	DB	P1	8 WM IPC status/event symbols imported by live code exist in no source file	src/lib/common/window_protocol/window_protocol.spl	0	NONE	Doc OPEN, re-confirmed 2026-08-10; window_protocol.spl present and declares only WM_EVENT_CLOSE + WmInputEvent
x25519_extern_not_registered_interp_2026-06-15.md	DB	P1	X25519 returned the wrong shared secret for every input; RFC 7748 5.2/6.1 vectors failed	src/lib/common/crypto/x25519.spl	433	test/01_unit/lib/common/crypto/typed/asym_spec.spl	Doc raised P3->P1 2026-08-17 claiming same-day fix, but git log on x25519.spl shows no fixing commit — only tree-restore/sync commits
x64_freestanding_char_code_at_dynamic_text.md	DB	P1	x86_64 freestanding char_code_at mis-decodes at scattered indices on dynamically built	examples/09_embedded/simple_os/arch/x86_64/boot/baremetal_stubs.c	0	NONE	Doc: source fixed but current-source freestanding QEMU proof pending; still worked around at the call site with the [u8] idiom
x64_freestanding_layout_sensitive_dup_displaced_stores.md	DB	P1	Freestanding frame builder emitted duplicated slot stores displacing later stores by +16	src/os/kernel/loader/x86_64_fs_exec_ring3.spl	0	NONE	Doc open, reproduced once with dumped bytes; silent memory corruption, vanishes under unrelated code motion
x64_freestanding_mmio_read_u8_address_dependent_zero.md	DB	P1	Freestanding rt_mmio_read_u8 returns 0 where a C load at the same address reads 127	examples/09_embedded/simple_os/arch/x86_64/boot/baremetal_stubs.c	0	NONE	Doc open, latent at origin tip; reproduces when .bss layout puts the FAT buffer near 0x0D5Dxxxx. Silent raw-buffer corruption
x86_freestanding_guarded_optional_unwrap_returns_bool_2026-07-25.md	DB	P1	x86 freestanding guarded optional unwrap yields the guard boolean instead of the	src/lib/common/ui/window_scene_draw_ir.spl	0	NONE	Doc: open compiler defect, wrong-value corruption; Draw IR call site still carries a source workaround
