symbol	declfile	category	ext_call_files	ext_call_hits	ext_word_files	examples
_get_bss_start	src/os/kernel/arch/x86_64/boot.spl	OS	0	0	3	
add_external	test/03_system/feature/usage/parser_functions_spec.spl	TEST	1	1	3	doc/06_spec/03_system/feature/usage/parser_functions_spec.md
align_of	src/compiler_rust/lib/std/src/core_nogc/arena.spl	PUBLIC_STDLIB_seed_std	32	85	189	doc/01_research/compiler/duplication/phase1_backend_duplicates.md,doc/05_design/compiler/backend/backend_shared_architecture.md,doc/06_spec/test/01_unit/compiler/backend/llvm_type_mapper_spec.md
async_join	src/lib/nogc_async_mut/async/sffi.spl	PUBLIC_STDLIB_src_lib	0	0	3	
async_read_file	src/lib/nogc_async_mut/async/sffi.spl	PUBLIC_STDLIB_src_lib	1	1	4	src/lib/nogc_async_mut/async_host/__init__.spl
async_select	src/lib/nogc_async_mut/async/sffi.spl	PUBLIC_STDLIB_src_lib	0	0	3	
async_sleep	src/lib/nogc_async_mut/async/sffi.spl	PUBLIC_STDLIB_src_lib	0	0	3	
async_write_file	src/lib/nogc_async_mut/async/sffi.spl	PUBLIC_STDLIB_src_lib	0	0	3	
barrier_and_fence	src/compiler_rust/lib/std/src/gpu/kernel/memory.spl	PUBLIC_STDLIB_seed_std	1	1	4	doc/06_spec/system/compiler/modules/gpu_simd/gpu.md
create_streams	src/compiler_rust/lib/std/src/gpu/host/async_nogc_mut/stream.spl	PUBLIC_STDLIB_seed_std	0	0	2	
default_device	src/compiler_rust/lib/std/src/gpu/host/async_nogc_mut/device.spl	PUBLIC_STDLIB_seed_std	4	6	21	doc/01_research/ml/unified_tensor_interface.md,doc/05_design/language/resource/resource_sffi_binding_design_2026-08-06.md,src/compiler_rust/gpu/src/context.rs
default_stream	src/compiler_rust/lib/std/src/gpu/host/async_nogc_mut/stream.spl	PUBLIC_STDLIB_seed_std	0	0	9	
device_count	src/compiler_rust/lib/std/src/gpu/host/async_nogc_mut/device.spl	PUBLIC_STDLIB_seed_std	160	387	88	doc/02_requirements/language/llvm_backends/vulkan.md,doc/02_requirements/ml/cuda.md,doc/03_plan/os/simpleos/hw_qemu/simpleos_real_board_hardening_driver_plan.md
devices	src/compiler_rust/lib/std/src/gpu/host/async_nogc_mut/device.spl	PUBLIC_STDLIB_seed_std	58	139	718	doc/01_research/ml/pytorch_wrapper_design.md,doc/05_design/os/simpleos/simpleos_wine_proton_steam_impl.md,doc/05_design/platform/ffi_wrapper_plan.md
disable_ffi_recording	test/01_unit/app/diagram/call_flow_profiling_spec.spl	TEST	4	5	6	doc/09_report/misc/runtime/ffi_direct_calls.md,doc/09_report/session/test_runner_bug_fixes_2026-02-14.md,doc/09_report/session/test_runner_fixes_summary_2026-02-14.md
enable_ffi_recording	test/01_unit/app/diagram/call_flow_profiling_spec.spl	TEST	4	6	8	doc/09_report/misc/runtime/ffi_direct_calls.md,doc/09_report/session/test_runner_bug_fixes_2026-02-14.md,doc/09_report/session/test_runner_fixes_summary_2026-02-14.md
ffi_func	test/03_system/feature/usage/parser_functions_spec.spl	TEST	3	3	6	doc/02_requirements/compiler/parsing/syntax/parser_functions.md,doc/06_spec/03_system/feature/usage/parser_functions_spec.md,doc/06_spec/feature/usage/parser_functions_spec.md
future_alloc_pending	src/lib/nogc_async_mut/async/sffi.spl	PUBLIC_STDLIB_src_lib	0	0	3	
future_alloc_ready	src/lib/nogc_async_mut/async/sffi.spl	PUBLIC_STDLIB_src_lib	0	0	2	
future_free	src/lib/nogc_async_mut/async/sffi.spl	PUBLIC_STDLIB_src_lib	10	15	3	src/compiler_rust/build/jit_symbol_target/debug/build/simple-runtime-45e1c608d7e2385c/out/runtime_symbol_entries.rs,src/compiler_rust/runtime/src/monoio_waker.rs,src/compiler_rust/runtime/src/value/async_gen.rs
future_map	src/lib/nogc_async_mut/async/sffi.spl	PUBLIC_STDLIB_src_lib	0	0	3	
future_poll	src/lib/nogc_async_mut/async/sffi.spl	PUBLIC_STDLIB_src_lib	3	3	4	doc/02_requirements/language/concurrency/async_implementation_status.md,doc/09_report/2026/02/async_phase_1_3_type_system_2026-02-14.md,src/compiler/10.frontend/desugar/poll_generator.spl
future_poll_any	src/lib/nogc_async_mut/async/sffi.spl	PUBLIC_STDLIB_src_lib	0	0	2	
future_then	src/lib/nogc_async_mut/async/sffi.spl	PUBLIC_STDLIB_src_lib	1	1	3	src/lib/nogc_sync_mut/src/future.spl
generate_sequence_ffi	test/01_unit/app/diagram/call_flow_profiling_spec.spl	TEST	4	5	6	doc/09_report/misc/runtime/ffi_direct_calls.md,doc/09_report/session/test_runner_bug_fixes_2026-02-14.md,doc/09_report/session/test_runner_fixes_summary_2026-02-14.md
group_id	src/compiler_rust/lib/std/src/gpu/kernel/core.spl	PUBLIC_STDLIB_seed_std	63	137	126	doc/01_research/compiler/simd/cpu_simd_scheduling.md,doc/01_research/compiler/simd/simd_to_tbb_transformation.md,doc/06_spec/system/compiler/modules/gpu_simd/gpu.md
group_id_dim	src/compiler_rust/lib/std/src/gpu/kernel/core.spl	PUBLIC_STDLIB_seed_std	0	0	2	
json_stringify_pretty	src/app/ffi_gen.specs/lib_wrappers.spl	GENERATOR_SPEC_INPUT	0	0	2	
local_id	src/compiler_rust/lib/std/src/gpu/kernel/core.spl	PUBLIC_STDLIB_seed_std	59	160	98	doc/01_research/compiler/simd/cpu_simd_scheduling.md,doc/01_research/compiler/simd/simd_to_tbb_transformation.md,doc/06_spec/system/compiler/modules/gpu_simd/gpu.md
local_id_dim	src/compiler_rust/lib/std/src/gpu/kernel/core.spl	PUBLIC_STDLIB_seed_std	0	0	2	
local_size	src/compiler_rust/lib/std/src/gpu/kernel/core.spl	PUBLIC_STDLIB_seed_std	32	58	38	doc/01_research/compiler/simd/cpu_simd_scheduling.md,doc/01_research/compiler/simd/simd_to_tbb_transformation.md,doc/06_spec/system/compiler/modules/gpu_simd/gpu.md
local_size_dim	src/compiler_rust/lib/std/src/gpu/kernel/core.spl	PUBLIC_STDLIB_seed_std	0	0	2	
lua_gettop	src/lib/nogc_sync_mut/lua/lua_sffi.spl	PUBLIC_STDLIB_src_lib	0	0	2	
lua_pushinteger	src/lib/nogc_sync_mut/lua/lua_sffi.spl	PUBLIC_STDLIB_src_lib	0	0	3	
lua_pushnumber	src/lib/nogc_sync_mut/lua/lua_sffi.spl	PUBLIC_STDLIB_src_lib	0	0	2	
lua_tointeger	src/lib/nogc_sync_mut/lua/lua_sffi.spl	PUBLIC_STDLIB_src_lib	0	0	2	
lua_tonumber	src/lib/nogc_sync_mut/lua/lua_sffi.spl	PUBLIC_STDLIB_src_lib	0	0	2	
mem_fence	src/compiler_rust/lib/std/src/gpu/kernel/memory.spl	PUBLIC_STDLIB_seed_std	29	43	10	doc/06_spec/system/compiler/modules/gpu_simd/gpu.md,doc/06_spec/unit/compiler/codegen/opencl_backend_contract_spec.md,src/compiler/10.frontend/parser_types_expr.spl
native_file_flush_sync	src/compiler_rust/lib/std/src/host/common/io/fs_sffi.spl	PUBLIC_STDLIB_seed_std	3	3	6	src/compiler_rust/lib/std/src/host/async_gc_mut/io/fs/file.spl,src/compiler_rust/lib/std/src/host/async_nogc_mut/io/fs/file.spl,src/compiler_rust/lib/std/src/host/sync_nogc_mut/io/fs/file.spl
native_file_sync_sync	src/compiler_rust/lib/std/src/host/common/io/fs_sffi.spl	PUBLIC_STDLIB_seed_std	3	3	6	src/compiler_rust/lib/std/src/host/async_gc_mut/io/fs/file.spl,src/compiler_rust/lib/std/src/host/async_nogc_mut/io/fs/file.spl,src/compiler_rust/lib/std/src/host/sync_nogc_mut/io/fs/file.spl
notify_task	src/os/posix/signal_dispatch.spl	OS	0	0	2	
num_groups	src/compiler_rust/lib/std/src/gpu/kernel/core.spl	PUBLIC_STDLIB_seed_std	27	42	27	doc/01_research/compiler/simd/cpu_simd_scheduling.md,doc/01_research/hardware/nand_recovery/typed_nand_addressing_local.md,doc/06_spec/system/compiler/modules/gpu_simd/gpu.md
num_groups_dim	src/compiler_rust/lib/std/src/gpu/kernel/core.spl	PUBLIC_STDLIB_seed_std	0	0	2	
par_filter	src/app/ffi_gen.specs/lib_wrappers.spl	GENERATOR_SPEC_INPUT	19	25	10	doc/06_spec/system/compiler/modules/gpu_simd/simd.md,doc/09_report/2025/CODE_REFACTORING_2025-12-31.md,doc/09_report/2025/LARGE_FILE_REFACTORING_SUMMARY_2025-12-24.md
par_map	src/app/ffi_gen.specs/lib_wrappers.spl	GENERATOR_SPEC_INPUT	22	30	14	doc/01_research/compiler/simd/simd_to_tbb_transformation.md,doc/06_spec/feature/usage/metaprogramming_spec.md,doc/06_spec/system/compiler/modules/gpu_simd/optimization.md
par_reduce	src/app/ffi_gen.specs/lib_wrappers.spl	GENERATOR_SPEC_INPUT	19	26	10	doc/06_spec/system/compiler/modules/gpu_simd/simd.md,doc/09_report/2025/CODE_REFACTORING_2025-12-31.md,doc/09_report/2025/LARGE_FILE_REFACTORING_SUMMARY_2025-12-24.md
par_sort	src/app/ffi_gen.specs/lib_wrappers.spl	GENERATOR_SPEC_INPUT	3	4	8	src/compiler_rust/vendor/indexmap-1.9.3/src/rayon/set.rs,src/compiler_rust/vendor/indexmap/src/rayon/set.rs,src/compiler_rust/vendor/rayon/src/slice/mod.rs
path_is_absolute	src/lib/nogc_async_mut/fs.spl	PUBLIC_STDLIB_src_lib	8	22	13	doc/06_spec/01_unit/lib/std/shell/path_spec.md,src/compiler_rust/dependency_tracker/src/resolution.rs,src/lib/editor/extensions/runtime.spl
path_normalize	src/lib/nogc_async_mut/fs.spl	PUBLIC_STDLIB_src_lib	17	39	24	doc/06_spec/03_system/feature/js/node_api_conformance_spec.md,doc/06_spec/feature/js/node_api_conformance_spec.md,src/compiler_rust/lib/std/src/sys/sffi/io.spl
promise_alloc	src/lib/nogc_async_mut/async/sffi.spl	PUBLIC_STDLIB_src_lib	0	0	2	
promise_complete	src/lib/nogc_async_mut/async/sffi.spl	PUBLIC_STDLIB_src_lib	2	3	5	doc/06_spec/03_system/feature/language/concurrency_spec.md,test/03_system/feature/language/concurrency_spec.spl
promise_free	src/lib/nogc_async_mut/async/sffi.spl	PUBLIC_STDLIB_src_lib	0	0	2	
promise_get_future	src/lib/nogc_async_mut/async/sffi.spl	PUBLIC_STDLIB_src_lib	0	0	2	
promise_is_completed	src/lib/nogc_async_mut/async/sffi.spl	PUBLIC_STDLIB_src_lib	0	0	2	
ptr_mixed_cmp	test/01_unit/bugs/parser_const_pointer_spec.spl	TEST	0	0	2	
ptr_mixed_set	test/01_unit/bugs/parser_const_pointer_spec.spl	TEST	0	0	2	
rt_alloc_exec_memory	src/compiler/90.tools/sffi_gen/specs/exec_memory.spl	GENERATOR_SPEC_INPUT	1	2	4	doc/09_report/2026/02/jit_infrastructure_implementation_2026-02-04.md
rt_alloc_zeroed	src/compiler_rust/lib/std/src/alloc/sffi.spl	PUBLIC_STDLIB_seed_std	0	0	5	
rt_arm32_cpsid_f	src/os/kernel/arch/arm32/cpu.spl	OS	0	0	2	
rt_arm32_cpsie_f	src/os/kernel/arch/arm32/cpu.spl	OS	0	0	2	
rt_arm32_mrc_cntp_tval	src/os/kernel/arch/arm32/timer.spl	OS	0	0	2	
rt_arm64_mrs_cntp_tval_el0	src/os/kernel/arch/arm64/timer.spl	OS	0	0	2	
rt_arm_array_clone_bytes	src/os/kernel/loader/process_image.spl	OS	0	0	2	
rt_arm_array_slice_bytes	src/os/kernel/loader/process_image.spl	OS	0	0	2	
rt_arm_virtio_blk_prepare_read	src/os/drivers/virtio/_VirtioBlk/driver_class.spl	OS	0	0	2	
rt_arm_virtio_blk_read_hello_smf	src/os/services/vfs/arm_fs_exec_vfs.spl	OS	0	0	2	
rt_arm_virtio_blk_status_u8	src/os/drivers/virtio/_VirtioBlk/driver_class.spl	OS	0	0	2	
rt_arm_virtio_blk_wait_completion	src/os/drivers/virtio/_VirtioBlk/driver_class.spl	OS	0	0	2	
rt_arm_virtq_push_avail	src/os/drivers/virtio/_VirtioBlk/driver_class.spl	OS	0	0	2	
rt_arm_virtq_reset	src/os/drivers/virtio/_VirtioBlk/driver_class.spl	OS	0	0	2	
rt_array_capacity	src/compiler_rust/lib/std/src/alloc/sffi.spl	PUBLIC_STDLIB_seed_std	0	0	2	
rt_array_slice	src/compiler_rust/lib/std/src/alloc/sffi.spl	PUBLIC_STDLIB_seed_std	0	0	2	
rt_async_await	src/compiler_rust/lib/std/src/async/sffi/executor.spl	PUBLIC_STDLIB_seed_std	0	0	2	
rt_async_yield	src/compiler_rust/lib/std/src/async/sffi/executor.spl	PUBLIC_STDLIB_seed_std	0	0	3	
rt_audio_add_delay	src/app/io/audio_ffi.spl	OTHER	4	6	8	doc/06_spec/test/01_unit/lib/common/audio_effects/audio_effects_spec.md,src/lib/common/audio_effects.spl,test/01_unit/lib/common/audio_effects/audio_effects_spec.spl
rt_audio_add_highpass	src/app/io/audio_ffi.spl	OTHER	4	6	8	doc/06_spec/test/01_unit/lib/common/audio_effects/audio_effects_spec.md,src/lib/common/audio_effects.spl,test/01_unit/lib/common/audio_effects/audio_effects_spec.spl
rt_audio_add_lowpass	src/app/io/audio_ffi.spl	OTHER	4	6	9	doc/06_spec/test/01_unit/lib/common/audio_effects/audio_effects_spec.md,src/lib/common/audio_effects.spl,test/01_unit/lib/common/audio_effects/audio_effects_spec.spl
rt_audio_add_reverb	src/app/io/audio_ffi.spl	OTHER	4	6	8	doc/06_spec/test/01_unit/lib/common/audio_effects/audio_effects_spec.md,src/lib/common/audio_effects.spl,test/01_unit/lib/common/audio_effects/audio_effects_spec.spl
rt_audio_clear_effects	src/app/io/audio_ffi.spl	OTHER	4	6	8	doc/06_spec/test/01_unit/lib/common/audio_effects/audio_effects_spec.md,src/lib/common/audio_effects.spl,test/01_unit/lib/common/audio_effects/audio_effects_spec.spl
rt_audio_remove_effect	src/app/io/audio_ffi.spl	OTHER	4	6	8	doc/06_spec/test/01_unit/lib/common/audio_effects/audio_effects_spec.md,src/lib/common/audio_effects.spl,test/01_unit/lib/common/audio_effects/audio_effects_spec.spl
rt_audio_set_pitch	src/app/io/audio_ffi.spl	OTHER	6	8	11	doc/06_spec/test/01_unit/lib/common/audio_effects/audio_effects_spec.md,src/lib/common/audio_effects.spl,src/lib/nogc_sync_mut/engine/audio/audio_manager.spl
rt_bdd_after_all	src/compiler_rust/lib/std/src/ext/test/sffi.spl	PUBLIC_STDLIB_seed_std	0	0	2	
rt_bdd_assert_eq	src/compiler_rust/lib/std/src/ext/test/sffi.spl	PUBLIC_STDLIB_seed_std	0	0	2	
rt_bdd_assert_ne	src/compiler_rust/lib/std/src/ext/test/sffi.spl	PUBLIC_STDLIB_seed_std	0	0	2	
rt_bdd_assert_true	src/compiler_rust/lib/std/src/ext/test/sffi.spl	PUBLIC_STDLIB_seed_std	0	0	2	
rt_bdd_before_all	src/compiler_rust/lib/std/src/ext/test/sffi.spl	PUBLIC_STDLIB_seed_std	0	0	2	
rt_bdd_describe	src/compiler_rust/lib/std/src/ext/test/sffi.spl	PUBLIC_STDLIB_seed_std	0	0	2	
rt_bdd_expect	src/compiler_rust/lib/std/src/ext/test/sffi.spl	PUBLIC_STDLIB_seed_std	0	0	2	
rt_bdd_it	src/compiler_rust/lib/std/src/ext/test/sffi.spl	PUBLIC_STDLIB_seed_std	0	0	2	
rt_bits_to_f64	src/os/ml/gpu_tensor.spl	OS	0	0	3	
rt_boot_tcp_send_kex_reply_ed25519	src/os/apps/sshd/ssh_session_kex.spl	OS	1	1	2	src/os/kernel/arch/riscv64/boot/freestanding_runtime.c
rt_boot_tcp_send_kex_reply_fixed	src/os/apps/sshd/ssh_session.spl	OS	1	1	2	src/os/kernel/arch/riscv64/boot/freestanding_runtime.c
rt_boot_tcp_send_kexinit_fixed	src/os/apps/sshd/ssh_session.spl	OS	1	1	2	src/os/kernel/arch/riscv64/boot/freestanding_runtime.c
rt_boot_tcp_send_newkeys_fixed	src/os/apps/sshd/ssh_session.spl	OS	2	2	3	src/os/kernel/arch/riscv64/boot/freestanding_runtime.c,test/03_system/os/rv64_ssh_live_login_in_qemu_spec.spl
rt_call_function_0	src/compiler/90.tools/sffi_gen/specs/exec_memory.spl	GENERATOR_SPEC_INPUT	1	1	4	doc/09_report/2026/02/jit_infrastructure_implementation_2026-02-04.md
rt_call_function_1	src/compiler/90.tools/sffi_gen/specs/exec_memory.spl	GENERATOR_SPEC_INPUT	1	1	4	doc/09_report/2026/02/jit_infrastructure_implementation_2026-02-04.md
rt_call_function_2	src/compiler/90.tools/sffi_gen/specs/exec_memory.spl	GENERATOR_SPEC_INPUT	1	1	4	doc/09_report/2026/02/jit_infrastructure_implementation_2026-02-04.md
rt_channel_is_empty	src/compiler_rust/lib/std/src/async/sffi/channel.spl	PUBLIC_STDLIB_seed_std	0	0	2	
rt_channel_len	src/compiler_rust/lib/std/src/async/sffi/channel.spl	PUBLIC_STDLIB_seed_std	0	0	2	
rt_coverage_branch	src/compiler_rust/lib/std/src/ext/coverage/sffi.spl	PUBLIC_STDLIB_seed_std	0	0	2	
rt_coverage_branch_count	src/compiler_rust/lib/std/src/ext/coverage/sffi.spl	PUBLIC_STDLIB_seed_std	0	0	2	
rt_coverage_branch_hit_count	src/compiler_rust/lib/std/src/ext/coverage/sffi.spl	PUBLIC_STDLIB_seed_std	0	0	2	
rt_coverage_function_enter	src/compiler_rust/lib/std/src/ext/coverage/sffi.spl	PUBLIC_STDLIB_seed_std	0	0	2	
rt_coverage_function_exit	src/compiler_rust/lib/std/src/ext/coverage/sffi.spl	PUBLIC_STDLIB_seed_std	0	0	2	
rt_coverage_hit	src/compiler_rust/lib/std/src/ext/coverage/sffi.spl	PUBLIC_STDLIB_seed_std	0	0	2	
rt_coverage_init	src/compiler_rust/lib/std/src/ext/coverage/sffi.spl	PUBLIC_STDLIB_seed_std	0	0	2	
rt_coverage_line_count	src/compiler_rust/lib/std/src/ext/coverage/sffi.spl	PUBLIC_STDLIB_seed_std	0	0	2	
rt_coverage_line_hit_count	src/compiler_rust/lib/std/src/ext/coverage/sffi.spl	PUBLIC_STDLIB_seed_std	0	0	2	
rt_coverage_report	src/compiler_rust/lib/std/src/ext/coverage/sffi.spl	PUBLIC_STDLIB_seed_std	0	0	4	
rt_coverage_report_json	src/compiler_rust/lib/std/src/ext/coverage/sffi.spl	PUBLIC_STDLIB_seed_std	0	0	2	
rt_coverage_reset	src/compiler_rust/lib/std/src/ext/coverage/sffi.spl	PUBLIC_STDLIB_seed_std	0	0	2	
rt_ed25519_generate_keypair	src/app/package.registry/signing.spl	OTHER	0	0	3	
rt_ed25519_keypair_pk	src/os/apps/sshd/ssh_session.spl	OS	0	0	2	
rt_env_has	src/compiler_rust/lib/std/src/sys/sffi/env.spl	PUBLIC_STDLIB_seed_std	0	0	3	
rt_env_set_cwd	src/compiler_rust/lib/std/src/sys/sffi/env.spl	PUBLIC_STDLIB_seed_std	0	0	2	
rt_exec_memory_count	src/compiler/90.tools/sffi_gen/specs/exec_memory.spl	GENERATOR_SPEC_INPUT	1	1	4	doc/09_report/2026/02/jit_infrastructure_implementation_2026-02-04.md
rt_exec_memory_dump_stats	src/compiler/90.tools/sffi_gen/specs/exec_memory.spl	GENERATOR_SPEC_INPUT	1	1	4	doc/09_report/2026/02/jit_infrastructure_implementation_2026-02-04.md
rt_exec_memory_total	src/compiler/90.tools/sffi_gen/specs/exec_memory.spl	GENERATOR_SPEC_INPUT	1	1	4	doc/09_report/2026/02/jit_infrastructure_implementation_2026-02-04.md
rt_executor_block_on	src/compiler_rust/lib/std/src/async/sffi/executor.spl	PUBLIC_STDLIB_seed_std	0	0	2	
rt_executor_new	src/compiler_rust/lib/std/src/async/sffi/executor.spl	PUBLIC_STDLIB_seed_std	0	0	2	
rt_executor_run	src/compiler_rust/lib/std/src/async/sffi/executor.spl	PUBLIC_STDLIB_seed_std	0	0	2	
rt_executor_spawn	src/compiler_rust/lib/std/src/async/sffi/executor.spl	PUBLIC_STDLIB_seed_std	0	0	2	
rt_extract_all_symbols_v2	src/compiler/90.tools/sffi_gen/specs/compiler_query.spl	GENERATOR_SPEC_INPUT	0	0	4	
rt_file_size_for_mmap	src/compiler/90.tools/sffi_gen/specs/mmap.spl	GENERATOR_SPEC_INPUT	1	1	6	src/app/sffi_gen.templates/bootstrap_sffi.txt
rt_find_symbol_at_position_v2	src/compiler/90.tools/sffi_gen/specs/compiler_query.spl	GENERATOR_SPEC_INPUT	0	0	4	
rt_flush_icache	src/compiler/90.tools/sffi_gen/specs/exec_memory.spl	GENERATOR_SPEC_INPUT	1	1	4	doc/09_report/2026/02/jit_infrastructure_implementation_2026-02-04.md
rt_free_exec_memory	src/compiler/90.tools/sffi_gen/specs/exec_memory.spl	GENERATOR_SPEC_INPUT	1	1	4	doc/09_report/2026/02/jit_infrastructure_implementation_2026-02-04.md
rt_get_arg_count	src/compiler_rust/lib/std/src/sys/sffi/env.spl	PUBLIC_STDLIB_seed_std	0	0	2	
rt_get_function_pointer	src/compiler/90.tools/sffi_gen/specs/exec_memory.spl	GENERATOR_SPEC_INPUT	1	1	4	doc/09_report/2026/02/jit_infrastructure_implementation_2026-02-04.md
rt_get_page_size	src/compiler/90.tools/sffi_gen/specs/mmap.spl	GENERATOR_SPEC_INPUT	1	1	5	src/app/sffi_gen.templates/bootstrap_sffi.txt
rt_get_protection	src/compiler/90.tools/sffi_gen/specs/exec_memory.spl	GENERATOR_SPEC_INPUT	1	1	4	doc/09_report/2026/02/jit_infrastructure_implementation_2026-02-04.md
rt_get_scope_at_position_v2	src/compiler/90.tools/sffi_gen/specs/compiler_query.spl	GENERATOR_SPEC_INPUT	0	0	4	
rt_gpu_buffer_create	src/compiler_rust/lib/std/src/ext/gpu/sffi.spl	PUBLIC_STDLIB_seed_std	0	0	2	
rt_gpu_buffer_download	src/compiler_rust/lib/std/src/ext/gpu/sffi.spl	PUBLIC_STDLIB_seed_std	0	0	2	
rt_gpu_buffer_free	src/compiler_rust/lib/std/src/ext/gpu/sffi.spl	PUBLIC_STDLIB_seed_std	0	0	2	
rt_gpu_buffer_upload	src/compiler_rust/lib/std/src/ext/gpu/sffi.spl	PUBLIC_STDLIB_seed_std	0	0	2	
rt_gpu_device_count	src/compiler_rust/lib/std/src/ext/gpu/sffi.spl	PUBLIC_STDLIB_seed_std	0	0	3	
rt_gpu_device_name	src/compiler_rust/lib/std/src/ext/gpu/sffi.spl	PUBLIC_STDLIB_seed_std	0	0	3	
rt_gpu_device_select	src/compiler_rust/lib/std/src/ext/gpu/sffi.spl	PUBLIC_STDLIB_seed_std	0	0	2	
rt_gpu_kernel_compile	src/compiler_rust/lib/std/src/ext/gpu/sffi.spl	PUBLIC_STDLIB_seed_std	0	0	2	
rt_gpu_kernel_launch	src/compiler_rust/lib/std/src/ext/gpu/sffi.spl	PUBLIC_STDLIB_seed_std	0	0	3	
rt_gpu_kernel_set_arg	src/compiler_rust/lib/std/src/ext/gpu/sffi.spl	PUBLIC_STDLIB_seed_std	0	0	2	
rt_gpu_synchronize	src/compiler_rust/lib/std/src/ext/gpu/sffi.spl	PUBLIC_STDLIB_seed_std	0	0	2	
rt_gui_gradient_h	src/os/compositor/glass_effects.spl	OS	0	0	2	
rt_ipc_recv	src/os/kernel/socket_compat.spl	OS	1	1	2	src/os/sdk/include/simpleos.h
rt_ipc_send	src/os/kernel/socket_compat.spl	OS	1	1	2	src/os/sdk/include/simpleos.h
rt_is_executable	src/compiler/90.tools/sffi_gen/specs/exec_memory.spl	GENERATOR_SPEC_INPUT	1	1	6	doc/09_report/2026/02/jit_infrastructure_implementation_2026-02-04.md
rt_malloc	src/app/ffi_gen.specs/memory_syscalls.spl	GENERATOR_SPEC_INPUT	2	4	8	doc/05_design/runtime/gc_pure_simple_implementation.md,src/runtime/runtime_memtrack.h
rt_mmap_file	src/compiler/90.tools/sffi_gen/specs/mmap.spl	GENERATOR_SPEC_INPUT	3	4	10	doc/09_report/2026/02/jit_infrastructure_implementation_2026-02-04.md,doc/09_report/2026/02/loader_architecture_investigation_2026-02-04.md,src/app/sffi_gen.templates/bootstrap_sffi.txt
rt_mmap_read_bytes	src/compiler/90.tools/sffi_gen/specs/mmap.spl	GENERATOR_SPEC_INPUT	3	3	8	doc/09_report/2026/02/jit_infrastructure_implementation_2026-02-04.md,doc/09_report/2026/02/loader_architecture_investigation_2026-02-04.md,src/app/sffi_gen.templates/bootstrap_sffi.txt
rt_mmap_read_string	src/compiler/90.tools/sffi_gen/specs/mmap.spl	GENERATOR_SPEC_INPUT	3	3	8	doc/09_report/2026/02/jit_infrastructure_implementation_2026-02-04.md,doc/09_report/2026/02/loader_architecture_investigation_2026-02-04.md,src/app/sffi_gen.templates/bootstrap_sffi.txt
rt_numeric_xor_sum_u64_data	test/05_perf/collections/collection_simple.spl	TEST	1	1	5	src/runtime/simple_core/core_array_ops.spl
rt_parse_brief_items	src/compiler_rust/lib/std/src/tooling/brief_view.spl	PUBLIC_STDLIB_seed_std	0	0	2	
rt_println_err	src/compiler_rust/lib/std/src/sys/sffi/print.spl	PUBLIC_STDLIB_seed_std	0	0	2	
rt_process_exit	src/compiler_rust/lib/std/src/sys/sffi/process.spl	PUBLIC_STDLIB_seed_std	0	0	4	
rt_process_parent_pid	src/compiler_rust/lib/std/src/sys/sffi/process.spl	PUBLIC_STDLIB_seed_std	0	0	2	
rt_process_pid	src/compiler_rust/lib/std/src/sys/sffi/process.spl	PUBLIC_STDLIB_seed_std	0	0	2	
rt_read_line	src/compiler_rust/lib/std/src/sys/sffi/print.spl	PUBLIC_STDLIB_seed_std	0	0	4	
rt_read_u8	src/app/ffi_gen.specs/memory_syscalls.spl	GENERATOR_SPEC_INPUT	1	1	7	doc/05_design/runtime/gc_pure_simple_implementation.md
rt_riscv_read_csr_mepc	src/os/realtime/context/riscv32.spl	OS	0	0	2	
rt_riscv_write_csr_mepc	src/os/realtime/context/riscv32.spl	OS	0	0	2	
rt_rv32_csrr_sscratch	src/os/kernel/arch/riscv32/cpu.spl	OS	0	0	2	
rt_rv32_csrw_sscratch	src/os/kernel/arch/riscv32/cpu.spl	OS	0	0	2	
rt_set_protection	src/compiler/90.tools/sffi_gen/specs/exec_memory.spl	GENERATOR_SPEC_INPUT	1	1	4	doc/09_report/2026/02/jit_infrastructure_implementation_2026-02-04.md
rt_ssh_aes128_gcm_decrypt_packet	src/os/apps/sshd/ssh_session_helpers.spl	OS	0	0	2	
rt_ssh_aes128_gcm_encrypt_packet	src/os/apps/sshd/ssh_session_helpers.spl	OS	0	0	2	
rt_string_slice	src/compiler_rust/lib/std/src/alloc/sffi.spl	PUBLIC_STDLIB_seed_std	0	0	8	
rt_tcp_close	src/os/realtime/jtag/openocd_probe.spl	OS	0	0	4	
rt_test262_eval	src/app/ui.chromium/js_audit.spl	OTHER	1	2	4	src/runtime/hosted/js_test262.rs
rt_test262_load_corpus	src/app/ui.chromium/js_audit.spl	OTHER	1	1	5	src/runtime/hosted/js_test262.rs
rt_thread_spawn	src/compiler_rust/lib/std/src/async/sffi/thread.spl	PUBLIC_STDLIB_seed_std	0	0	5	
rt_time_now_millis	src/app/ffi_gen.specs/memory_syscalls.spl	GENERATOR_SPEC_INPUT	0	0	4	
rt_time_sleep_millis	src/compiler_rust/lib/std/src/sys/sffi/time.spl	PUBLIC_STDLIB_seed_std	0	0	2	
rt_tls13_build_client_hello	src/os/tls13/_Tls13/context_io.spl	OS	0	0	2	
rt_tls13_inner_plaintext_content	src/os/tls13/_Tls13/context_io.spl	OS	0	0	2	
rt_tls13_inner_plaintext_type	src/os/tls13/_Tls13/context_io.spl	OS	0	0	2	
rt_tls13_record_encrypt	src/os/tls13/record13.spl	OS	0	0	2	
rt_tls13_serverhello_x25519_pub	src/os/tls13/_Tls13/context_io.spl	OS	0	0	2	
rt_tls13_transcript_hash_2	src/os/tls13/_Tls13/context_io.spl	OS	0	0	2	
rt_tls13_transcript_hash_finished_fd	src/os/tls13/_Tls13/context_io.spl	OS	0	0	2	
rt_torch_cuda_empty_cache	src/lib/nogc_sync_mut/torch/sffi.spl	PUBLIC_STDLIB_src_lib	2	2	4	src/runtime/torch_sffi.cpp,src/runtime/torch_sffi.h
rt_torch_cuda_max_memory_allocated	src/lib/nogc_sync_mut/torch/sffi.spl	PUBLIC_STDLIB_src_lib	2	2	4	src/runtime/torch_sffi.cpp,src/runtime/torch_sffi.h
rt_torch_nn_avg_pool2d	src/lib/nogc_sync_mut/torch/sffi.spl	PUBLIC_STDLIB_src_lib	2	2	5	src/runtime/torch_sffi.cpp,src/runtime/torch_sffi.h
rt_torch_nn_binary_cross_entropy	src/lib/nogc_sync_mut/torch/sffi.spl	PUBLIC_STDLIB_src_lib	2	3	6	src/runtime/torch_sffi.cpp,src/runtime/torch_sffi.h
rt_torch_nn_embedding	src/lib/nogc_sync_mut/torch/sffi.spl	PUBLIC_STDLIB_src_lib	2	2	5	src/runtime/torch_sffi.cpp,src/runtime/torch_sffi.h
rt_torch_nn_layer_norm	src/lib/nogc_sync_mut/torch/sffi.spl	PUBLIC_STDLIB_src_lib	2	2	5	src/runtime/torch_sffi.cpp,src/runtime/torch_sffi.h
rt_torch_nn_nll_loss	src/lib/nogc_sync_mut/torch/sffi.spl	PUBLIC_STDLIB_src_lib	2	3	6	src/runtime/torch_sffi.cpp,src/runtime/torch_sffi.h
rt_torch_safetensors_close	src/lib/nogc_sync_mut/torch/sffi.spl	PUBLIC_STDLIB_src_lib	1	2	4	src/runtime/torch_sffi.cpp
rt_torch_safetensors_get_tensor	src/lib/nogc_sync_mut/torch/sffi.spl	PUBLIC_STDLIB_src_lib	1	2	4	src/runtime/torch_sffi.cpp
rt_torch_safetensors_list_names	src/lib/nogc_sync_mut/torch/sffi.spl	PUBLIC_STDLIB_src_lib	1	2	4	src/runtime/torch_sffi.cpp
rt_torch_safetensors_num_tensors	src/lib/nogc_sync_mut/torch/sffi.spl	PUBLIC_STDLIB_src_lib	1	2	4	src/runtime/torch_sffi.cpp
rt_torch_safetensors_open	src/lib/nogc_sync_mut/torch/sffi.spl	PUBLIC_STDLIB_src_lib	1	2	4	src/runtime/torch_sffi.cpp
rt_torch_tensor_arange	src/lib/nogc_sync_mut/torch/sffi.spl	PUBLIC_STDLIB_src_lib	2	3	5	src/runtime/torch_sffi.cpp,src/runtime/torch_sffi.h
rt_torch_tensor_arange_int	src/lib/nogc_sync_mut/torch/sffi.spl	PUBLIC_STDLIB_src_lib	1	1	5	src/runtime/torch_sffi.cpp
rt_torch_tensor_from_i64_data	src/lib/nogc_sync_mut/torch/sffi.spl	PUBLIC_STDLIB_src_lib	1	1	4	src/runtime/torch_sffi.cpp
rt_torch_tensor_full_int_1d	src/lib/nogc_sync_mut/torch/sffi.spl	PUBLIC_STDLIB_src_lib	1	1	4	src/runtime/torch_sffi.cpp
rt_torch_tensor_full_int_2d	src/lib/nogc_sync_mut/torch/sffi.spl	PUBLIC_STDLIB_src_lib	1	1	4	src/runtime/torch_sffi.cpp
rt_torch_tensor_linspace	src/lib/nogc_sync_mut/torch/sffi.spl	PUBLIC_STDLIB_src_lib	2	3	5	src/runtime/torch_sffi.cpp,src/runtime/torch_sffi.h
rt_torch_tensor_load	src/lib/nogc_sync_mut/torch/sffi.spl	PUBLIC_STDLIB_src_lib	1	2	5	src/runtime/torch_sffi.cpp
rt_torch_tensor_ones_int_1d	src/lib/nogc_sync_mut/torch/sffi.spl	PUBLIC_STDLIB_src_lib	1	1	4	src/runtime/torch_sffi.cpp
rt_torch_tensor_ones_int_2d	src/lib/nogc_sync_mut/torch/sffi.spl	PUBLIC_STDLIB_src_lib	1	1	4	src/runtime/torch_sffi.cpp
rt_torch_tensor_save	src/lib/nogc_sync_mut/torch/sffi.spl	PUBLIC_STDLIB_src_lib	1	2	5	src/runtime/torch_sffi.cpp
rt_torch_tensor_zeros_int_1d	src/lib/nogc_sync_mut/torch/sffi.spl	PUBLIC_STDLIB_src_lib	1	1	4	src/runtime/torch_sffi.cpp
rt_torch_tensor_zeros_int_2d	src/lib/nogc_sync_mut/torch/sffi.spl	PUBLIC_STDLIB_src_lib	1	1	4	src/runtime/torch_sffi.cpp
rt_torch_torchtensor_cat	src/lib/nogc_sync_mut/torch/sffi.spl	PUBLIC_STDLIB_src_lib	2	2	6	src/runtime/torch_sffi.cpp,src/runtime/torch_sffi.h
rt_torch_torchtensor_chunk	src/lib/nogc_sync_mut/torch/sffi.spl	PUBLIC_STDLIB_src_lib	2	2	5	src/runtime/torch_sffi.cpp,src/runtime/torch_sffi.h
rt_torch_torchtensor_eig	src/lib/nogc_sync_mut/torch/sffi.spl	PUBLIC_STDLIB_src_lib	2	2	5	src/runtime/torch_sffi.cpp,src/runtime/torch_sffi.h
rt_torch_torchtensor_index_select	src/lib/nogc_sync_mut/torch/sffi.spl	PUBLIC_STDLIB_src_lib	2	2	5	src/runtime/torch_sffi.cpp,src/runtime/torch_sffi.h
rt_torch_torchtensor_squeeze	src/lib/nogc_sync_mut/torch/sffi.spl	PUBLIC_STDLIB_src_lib	2	2	5	src/runtime/torch_sffi.cpp,src/runtime/torch_sffi.h
rt_torch_torchtensor_stack	src/lib/nogc_sync_mut/torch/sffi.spl	PUBLIC_STDLIB_src_lib	2	2	5	src/runtime/torch_sffi.cpp,src/runtime/torch_sffi.h
rt_torch_torchtensor_svd	src/lib/nogc_sync_mut/torch/sffi.spl	PUBLIC_STDLIB_src_lib	2	2	4	src/runtime/torch_sffi.cpp,src/runtime/torch_sffi.h
rt_torch_torchtensor_t	src/lib/nogc_sync_mut/torch/sffi.spl	PUBLIC_STDLIB_src_lib	2	2	5	src/runtime/torch_sffi.cpp,src/runtime/torch_sffi.h
rt_torch_torchtensor_to_float32	src/lib/nogc_sync_mut/torch/sffi.spl	PUBLIC_STDLIB_src_lib	1	1	4	src/runtime/torch_sffi.cpp
rt_torch_torchtensor_to_int	src/lib/nogc_sync_mut/torch/sffi.spl	PUBLIC_STDLIB_src_lib	1	1	4	src/runtime/torch_sffi.cpp
rt_torch_torchtensor_to_stream	src/lib/nogc_sync_mut/torch/sffi.spl	PUBLIC_STDLIB_src_lib	3	3	9	doc/09_report/2026/02/cuda_streams_phase1_complete_2026-02-09.md,src/runtime/torch_sffi.cpp,src/runtime/torch_sffi.h
rt_user_heap_init	src/os/kernel/loader/x86_64_fs_exec_ring3.spl	OS	2	3	9	doc/08_tracking/bug/heap_ring3_exit_halts_guest_under_ovmf_2026-08-06.md,test/01_unit/os/kernel/loader/x86_64_fs_exec_spawn_spec.spl
rt_vec_f32x4_add	src/compiler_rust/lib/std/src/ext/simd/sffi.spl	PUBLIC_STDLIB_seed_std	0	0	2	
rt_vec_f32x4_div	src/compiler_rust/lib/std/src/ext/simd/sffi.spl	PUBLIC_STDLIB_seed_std	0	0	2	
rt_vec_f32x4_dot	src/compiler_rust/lib/std/src/ext/simd/sffi.spl	PUBLIC_STDLIB_seed_std	0	0	2	
rt_vec_f32x4_extract	src/compiler_rust/lib/std/src/ext/simd/sffi.spl	PUBLIC_STDLIB_seed_std	0	0	2	
rt_vec_f32x4_load	src/compiler_rust/lib/std/src/ext/simd/sffi.spl	PUBLIC_STDLIB_seed_std	0	0	2	
rt_vec_f32x4_max	src/compiler_rust/lib/std/src/ext/simd/sffi.spl	PUBLIC_STDLIB_seed_std	0	0	2	
rt_vec_f32x4_min	src/compiler_rust/lib/std/src/ext/simd/sffi.spl	PUBLIC_STDLIB_seed_std	0	0	2	
rt_vec_f32x4_mul	src/compiler_rust/lib/std/src/ext/simd/sffi.spl	PUBLIC_STDLIB_seed_std	0	0	2	
rt_vec_f32x4_new	src/compiler_rust/lib/std/src/ext/simd/sffi.spl	PUBLIC_STDLIB_seed_std	0	0	2	
rt_vec_f32x4_splat	src/compiler_rust/lib/std/src/ext/simd/sffi.spl	PUBLIC_STDLIB_seed_std	0	0	2	
rt_vec_f32x4_sqrt	src/compiler_rust/lib/std/src/ext/simd/sffi.spl	PUBLIC_STDLIB_seed_std	0	0	2	
rt_vec_f32x4_store	src/compiler_rust/lib/std/src/ext/simd/sffi.spl	PUBLIC_STDLIB_seed_std	0	0	2	
rt_vec_f32x4_sub	src/compiler_rust/lib/std/src/ext/simd/sffi.spl	PUBLIC_STDLIB_seed_std	0	0	2	
rt_vec_f32x4_sum	src/compiler_rust/lib/std/src/ext/simd/sffi.spl	PUBLIC_STDLIB_seed_std	0	0	2	
rt_vk_instance_create	src/compiler_rust/lib/std/src/ext/gpu/sffi.spl	PUBLIC_STDLIB_seed_std	0	0	3	
size_of	src/compiler_rust/lib/std/src/core_nogc/arena.spl	PUBLIC_STDLIB_seed_std	102	365	1249	doc/01_research/compiler/duplication/phase1_backend_duplicates.md,doc/01_research/language/introspection_phantom_types_2026-02-17.md,doc/02_requirements/compiler/wasm_compile.md
tcp_listener_accept	src/lib/gc_async_mut/net/ffi.spl	PUBLIC_STDLIB_src_lib	0	0	2	
tcp_listener_accept_timeout	src/lib/gc_async_mut/net/ffi.spl	PUBLIC_STDLIB_src_lib	0	0	2	
tcp_listener_bind	src/lib/gc_async_mut/net/ffi.spl	PUBLIC_STDLIB_src_lib	1	1	6	src/compiler_rust/vendor/tokio/tests/rt_handle_block_on.rs
tcp_listener_close	src/lib/gc_async_mut/net/ffi.spl	PUBLIC_STDLIB_src_lib	13	22	5	doc/09_report/2025/MONOIO_ASYNC_NETWORK_2025-12-26.md,doc/09_report/2025/MONOIO_COMPLETE_2025-12-27.md,doc/09_report/2025/MONOIO_NETWORK_COMPLETE_2025-12-27.md
tcp_listener_local_addr	src/lib/gc_async_mut/net/ffi.spl	PUBLIC_STDLIB_src_lib	0	0	2	
tcp_listener_set_nonblocking	src/lib/gc_async_mut/net/ffi.spl	PUBLIC_STDLIB_src_lib	0	0	2	
tcp_stream_close	src/lib/gc_async_mut/net/ffi.spl	PUBLIC_STDLIB_src_lib	0	0	3	
tcp_stream_connect	src/lib/gc_async_mut/net/ffi.spl	PUBLIC_STDLIB_src_lib	1	1	14	src/compiler_rust/compiler/tests/security_policy_hir.rs
tcp_stream_connect_timeout	src/lib/gc_async_mut/net/ffi.spl	PUBLIC_STDLIB_src_lib	0	0	6	
tcp_stream_flush	src/lib/gc_async_mut/net/ffi.spl	PUBLIC_STDLIB_src_lib	0	0	2	
tcp_stream_local_addr	src/lib/gc_async_mut/net/ffi.spl	PUBLIC_STDLIB_src_lib	0	0	2	
tcp_stream_peer_addr	src/lib/gc_async_mut/net/ffi.spl	PUBLIC_STDLIB_src_lib	0	0	2	
tcp_stream_read	src/lib/gc_async_mut/net/ffi.spl	PUBLIC_STDLIB_src_lib	0	0	4	
tcp_stream_read_exact	src/lib/gc_async_mut/net/ffi.spl	PUBLIC_STDLIB_src_lib	0	0	2	
tcp_stream_read_line	src/lib/gc_async_mut/net/ffi.spl	PUBLIC_STDLIB_src_lib	0	0	3	
tcp_stream_set_nodelay	src/lib/gc_async_mut/net/ffi.spl	PUBLIC_STDLIB_src_lib	0	0	3	
tcp_stream_set_nonblocking	src/lib/gc_async_mut/net/ffi.spl	PUBLIC_STDLIB_src_lib	0	0	2	
tcp_stream_set_read_timeout	src/lib/gc_async_mut/net/ffi.spl	PUBLIC_STDLIB_src_lib	0	0	3	
tcp_stream_set_write_timeout	src/lib/gc_async_mut/net/ffi.spl	PUBLIC_STDLIB_src_lib	0	0	2	
tcp_stream_write	src/lib/gc_async_mut/net/ffi.spl	PUBLIC_STDLIB_src_lib	0	0	3	
tcp_stream_write_all	src/lib/gc_async_mut/net/ffi.spl	PUBLIC_STDLIB_src_lib	0	0	3	
trace_call	test/01_unit/app/diagram/call_flow_profiling_spec.spl	TEST	19	26	16	doc/09_report/misc/runtime/ffi_direct_calls.md,doc/09_report/session/test_runner_bug_fixes_2026-02-14.md,doc/09_report/session/test_runner_fixes_summary_2026-02-14.md
trace_method	test/01_unit/app/diagram/call_flow_profiling_spec.spl	TEST	20	38	15	doc/06_spec/02_integration/lib/std/diagram/diagram_integration_spec.md,doc/09_report/misc/runtime/ffi_direct_calls.md,doc/09_report/session/test_runner_bug_fixes_2026-02-14.md
trace_return	test/01_unit/app/diagram/call_flow_profiling_spec.spl	TEST	17	34	13	doc/06_spec/02_integration/lib/std/diagram/diagram_integration_spec.md,doc/09_report/misc/runtime/ffi_direct_calls.md,doc/09_report/session/test_runner_bug_fixes_2026-02-14.md
trampoline_invoke	src/os/posix/signal_dispatch.spl	OS	0	0	2	
type_id_of	src/lib/gc_async_mut/gc.spl	PUBLIC_STDLIB_src_lib	1	1	7	doc/09_report/2026/02/memory_tests_alignment_2026-02-03.md
uw_probe_extern_provided	src/lib/common/use_warning_probe.spl	PUBLIC_STDLIB_src_lib	0	0	3	
vscode_languages_register_code_actions	src/compiler_rust/lib/std/src/vscode/languages.spl	PUBLIC_STDLIB_seed_std	0	0	2	
warp_size	src/compiler_rust/lib/std/src/gpu/kernel/core.spl	PUBLIC_STDLIB_seed_std	7	7	13	doc/02_requirements/ml/gpu_ptx_gen.md,doc/06_spec/03_system/feature/usage/gpu_ptx_gen_spec.md,src/compiler/10.frontend/parser_types_expr.spl
wasm_lsp_send_response	src/compiler_rust/lib/std/src/vscode/wasm_lsp.spl	PUBLIC_STDLIB_seed_std	1	1	3	doc/09_report/2025/VSCODE_EXTENSION_COMPLETE_2025-12-26.md
