_http_post	http_post
ffi_func	func,simple_func
file_metadata	rt_file_metadata
file_write_bytes	rt_file_write_bytes
future_free	rt_future_free
path_extension	rt_path_extension
path_filename	rt_path_filename
path_parent	rt_path_parent
path_stem	rt_path_stem
rt_alloc_zeroed	alloc_zeroed
rt_async_yield	async_yield
rt_bits_to_f64	bits_to_f64
rt_build_symbol_table	build_symbol_table
rt_coverage_report	coverage_report
rt_execute_command	execute_command
rt_f64_to_bits	f64_to_bits
rt_file_size_for_mmap	file_size_for_mmap
rt_find_symbol_at_position	find_symbol_at_position
rt_gc_allocate	gc_allocate
rt_gc_new	gc_new
rt_get_page_size	get_page_size
rt_getauxval	getauxval
rt_gpu_kernel_launch	gpu_kernel_launch
rt_hmac_sha256	hmac_sha256
rt_http_delete	http_delete
rt_http_head	http_head
rt_http_patch	http_patch
rt_http_put	http_put
rt_init_signal_handlers	init_signal_handlers
rt_is_executable	is_executable
rt_list_dir	list_dir
rt_malloc	malloc
rt_mmap_file	mmap_file
rt_mmap_read_bytes	mmap_read_bytes
rt_mmap_read_string	mmap_read_string
rt_parse_source	parse_source
rt_password_hash	password_hash
rt_read_f64	read_f64
rt_read_i32	read_i32
rt_read_i64	read_i64
rt_read_line	read_line
rt_regex_captures	sffi_regex_captures
rt_regex_find	sffi_regex_find
rt_regex_replace_all	sffi_regex_replace_all
rt_regex_split	sffi_regex_split
rt_rt_file_read_text	rt_file_read_text
rt_sha256	sha256
rt_string_slice	string_slice
rt_system	system
rt_tcp_close	tcp_close
rt_thread_spawn	thread_spawn
rt_total_memory	total_memory
rt_udp_send	udp_send
rt_used_memory	used_memory
rt_write_i64	write_i64
rt_ws_close	ws_close
rt_ws_connect	ws_connect
rt_ws_send	ws_send