name	class	decls	subsystems	variant_sets	declarations
OptimizationLevel	DIVERGENT	8	4	5	./app/interpreter/perf/perf_config.spl:16 ./compiler/60.mir_opt/_OptimizationPasses/engine.spl:25 ./compiler/70.backend/backend/backend_types.spl:228 ./compiler/70.backend/backend/optimization_passes.spl:12 ./compiler_rust/lib/std/src/tooling/compiler/build_system.spl:114 ./lib/gc_async_mut/perf.spl:9 ./lib/nogc_async_mut/perf.spl:9 ./lib/nogc_sync_mut/perf.spl:9
SymbolKind	DIVERGENT	8	4	6	./app/interpreter/collections/persistent_symbol_table.spl:30 ./compiler/20.hir/hir_types.spl:98 ./compiler/90.tools/sffi_gen/specs/compiler_query.spl:31 ./compiler_rust/lib/std/src/mcp/multi_lang/__init__.spl:247 ./compiler_rust/lib/std/src/mcp/simple_lang/types.spl:224 ./compiler_rust/lib/std/src/vscode/wasm_lsp.spl:339 ./lib/nogc_async_mut/dependency_tracker/symbol.spl:10 ./lib/nogc_sync_mut/dependency_tracker/symbol.spl:10
VariableScope	DIVERGENT	7	4	2	./app/dap/hooks.spl:62 ./compiler/90.tools/sffi_gen/specs/interpreter_hooks.spl:39 ./lib/nogc_async_mut/dap/hooks.spl:62 ./lib/nogc_async_mut/mcp/dap/mod.spl:77 ./lib/nogc_sync_mut/dap/hooks.spl:62 ./lib/nogc_sync_mut/mcp/dap/mod.spl:77 ./runtime/hooks.spl:62
TaskState	DIVERGENT	6	4	6	./app/llm_dashboard/data/types.spl:8 ./compiler_rust/lib/std/src/bare/async/executor.spl:8 ./lib/nogc_async_mut/async/runtime.spl:32 ./lib/nogc_async_mut/async/task.spl:8 ./lib/nogc_async_mut/mcp/tasks.spl:10 ./os/kernel/types/task_types.spl:24
UnaryOp	DIVERGENT	6	4	4	./app/interpreter/ast_types.spl:120 ./compiler/10.frontend/parser_types_expr.spl:557 ./compiler_rust/lib/std/src/hir/eval.spl:501 ./compiler_rust/lib/std/src/hir/types.spl:222 ./lib/common/parser/ast.spl:51 ./lib/gc_async_mut/pure/ast.spl:53
StepMode	DIVERGENT	13	3	3	./app/dap/dap_types.spl:120 ./app/dap/hooks.spl:401 ./app/interpreter/debug.spl:23 ./app/interpreter/helpers/debug.spl:77 ./app/interpreter/helpers/debug_simple.spl:17 ./lib/nogc_async_mut/dap/dap_types.spl:120 ./lib/nogc_async_mut/dap/hooks.spl:401 ./lib/nogc_async_mut/debugger.spl:19 ./lib/nogc_sync_mut/dap/dap_types.spl:120 ./lib/nogc_sync_mut/dap/hooks.spl:415 ./lib/nogc_sync_mut/debug.spl:20 ./lib/nogc_sync_mut/debugger.spl:19 ./runtime/hooks.spl:401
HttpMethod	DIVERGENT	9	3	3	./app/io/http_ffi.spl:94 ./app/io/http_sffi.spl:94 ./compiler_rust/lib/std/src/host/common/net/http_method.spl:7 ./lib/gc_async_mut/gpu/browser_engine/net/entity/request_types.spl:24 ./lib/gc_async_mut/net/http.spl:29 ./lib/nogc_async_mut/net/http.spl:29 ./lib/nogc_sync_mut/http_server/types.spl:11 ./lib/nogc_sync_mut/io/http_sffi.spl:94 ./lib/nogc_sync_mut/net/http.spl:29
TokenKind	DIVERGENT	9	3	8	./compiler/10.frontend/lexer_types.spl:10 ./compiler/70.backend/arch_rules.spl:202 ./compiler_rust/lib/std/src/parser/treesitter/__init__.spl:14 ./compiler_rust/lib/std/src/sdn/token.spl:7 ./lib/common/parser/lexer.spl:8 ./lib/common/sdn/lexer.spl:5 ./lib/gc_async_mut/pure/lexer.spl:8 ./lib/nogc_sync_mut/js/engine/lexer.spl:4 ./lib/skia/feature/sksl/tokenizer.spl:20
LogLevel	DIVERGENT	8	3	4	./compiler_rust/lib/std/src/mcp/core/logger.spl:11 ./compiler_rust/lib/std/src/mcp/core/logs.spl:14 ./lib/common/js/engine/js_error.spl:32 ./lib/common/web/logging.spl:12 ./lib/nogc_async_mut/failsafe/core.spl:241 ./lib/nogc_sync_mut/failsafe/core.spl:241 ./lib/nogc_sync_mut/js/engine/js_error.spl:6 ./os/userlib/log.spl:9
ValueKind	DIVERGENT	8	3	4	./app/interpreter/core/value.spl:8 ./compiler_rust/lib/std/src/hir/eval.spl:52 ./lib/gc_async_mut/message_transfer.spl:48 ./lib/gc_async_mut/runtime/value.spl:7 ./lib/nogc_async_mut/message_transfer.spl:48 ./lib/nogc_async_mut/runtime/value.spl:7 ./lib/nogc_sync_mut/message_transfer.spl:48 ./lib/nogc_sync_mut/runtime/value.spl:7
DiagnosticSeverity	DIVERGENT	7	3	2	./compiler/90.tools/query_types.spl:99 ./compiler_rust/lib/std/src/mcp/core/diagnostics.spl:13 ./compiler_rust/lib/std/src/mcp/lsp/mod.spl:223 ./compiler_rust/lib/std/src/mcp/multi_lang/__init__.spl:459 ./lib/gc_async_mut/lsp/protocol.spl:54 ./lib/nogc_async_mut/lsp/protocol.spl:54 ./lib/nogc_sync_mut/lsp/protocol.spl:54
Effect	DIVERGENT	7	3	5	./compiler/00.common/effects_phase3a.spl:1 ./compiler/30.types/type_system/effects.spl:18 ./compiler/50.mir/mir_effects.spl:62 ./compiler_rust/lib/std/src/effects/__init__.spl:7 ./compiler_rust/lib/std/src/verification/models/async_compile.spl:13 ./lib/common/ui/effect.spl:11 ./lib/nogc_async_mut/effects.spl:17
Expr	DIVERGENT	7	3	5	./app/interpreter/ast_types.spl:84 ./compiler/30.types/macro_checker_phase7a.spl:52 ./compiler/30.types/macro_checker_phase7b.spl:49 ./compiler/30.types/macro_checker_phase7c.spl:49 ./compiler/30.types/macro_def.spl:57 ./lib/common/parser/ast.spl:64 ./lib/gc_async_mut/pure/ast.spl:66
TestStatus	DIVERGENT	7	3	5	./compiler_rust/lib/std/src/spec/mode_runner.spl:22 ./compiler_rust/lib/std/src/spec/runner/executor.spl:20 ./compiler_rust/lib/std/src/tooling/dashboard/types.spl:32 ./lib/nogc_async_mut/database/test.spl:31 ./lib/nogc_sync_mut/database/test.spl:30 ./lib/nogc_sync_mut/test_runner/test_db_types.spl:11 ./tooling/dashboard/types.spl:32
Visibility	DIVERGENT	7	3	5	./compiler/00.common/dependency/visibility.spl:32 ./compiler_rust/lib/std/src/hir/module.spl:71 ./compiler_rust/lib/std/src/mcp/multi_lang/__init__.spl:386 ./compiler_rust/lib/std/src/mcp/simple_lang/types.spl:181 ./compiler_rust/lib/std/src/verification/models/visibility_export.spl:7 ./lib/nogc_async_mut/dependency_tracker/visibility.spl:17 ./lib/nogc_sync_mut/dependency_tracker/visibility.spl:17
Architecture	DIVERGENT	6	3	3	./app/debug/remote/types.spl:5 ./app/mcp/dap_types.spl:5 ./lib/nogc_async_mut/debug/remote/types.spl:5 ./lib/nogc_async_mut_noalloc/qemu/debug_boot_runner.spl:15 ./lib/nogc_sync_mut/debug/remote/types.spl:5 ./os/kernel/arch/arch_context.spl:6
OutputFormat	DIVERGENT	6	3	6	./compiler/00.common/driver_core_modes.spl:29 ./compiler/10.frontend/core/backend_types.spl:65 ./compiler/70.backend/linker/link.spl:50 ./compiler_rust/lib/std/src/diagram/config.spl:32 ./compiler_rust/lib/std/src/mcp/mcp_extended.spl:124 ./lib/nogc_sync_mut/test_runner/test_runner_types.spl:32
BinOp	DIVERGENT	5	3	4	./compiler/10.frontend/parser_types_expr.spl:505 ./compiler_rust/lib/std/src/hir/eval.spl:371 ./compiler_rust/lib/std/src/hir/types.spl:134 ./lib/common/parser/ast.spl:6 ./lib/gc_async_mut/pure/ast.spl:8
Device	DIVERGENT	5	3	2	./compiler/10.frontend/parser_types_expr.spl:104 ./compiler_rust/lib/std/src/ml/torch/device/__init__.spl:5 ./lib/common/science_math/ndarray.spl:45 ./lib/nogc_sync_mut/src/dl/config.spl:67 ./lib/nogc_sync_mut/src/tensor.spl:16
DType	DIVERGENT	5	3	4	./compiler/10.frontend/parser_types_expr.spl:89 ./compiler_rust/lib/std/src/ml/torch/dtype/__init__.spl:4 ./lib/nogc_async_mut/ndarray/mod.spl:30 ./lib/nogc_sync_mut/src/dl/config.spl:10 ./lib/nogc_sync_mut/src/tensor.spl:36
ErrorSeverity	DIVERGENT	5	3	4	./compiler/10.frontend/treesitter_types.spl:359 ./compiler/35.semantics/error_formatter.spl:63 ./compiler_rust/lib/std/src/tooling/compiler/compiler_interface.spl:606 ./lib/nogc_async_mut/failsafe/core.spl:11 ./lib/nogc_sync_mut/failsafe/core.spl:11
ImportKind	DIVERGENT	5	3	2	./app/depgraph/test_parse3.spl:5 ./compiler/00.common/dependency/graph.spl:9 ./compiler/90.tools/depgraph/parser.spl:7 ./lib/nogc_async_mut/dependency_tracker/graph.spl:8 ./lib/nogc_sync_mut/dependency_tracker/graph.spl:8
TaskPriority	DIVERGENT	5	3	3	./app/office/planner/task.spl:15 ./lib/gc_async_mut/src/testing/mocking_advanced.spl:20 ./lib/nogc_async_mut/src/testing/mocking_advanced.spl:20 ./lib/nogc_sync_mut/src/testing/mocking_advanced.spl:20 ./os/kernel/types/task_types.spl:41
Pattern	DIVERGENT	4	3	3	./app/interpreter/ast_types.spl:75 ./compiler_rust/lib/std/src/tooling/compiler/pattern_matching.spl:10 ./lib/common/parser/ast.spl:84 ./lib/gc_async_mut/pure/ast.spl:85
CompressionLevel	DIVERGENT	3	3	2	./app/io/compress_ffi.spl:66 ./compiler_rust/lib/std/src/tooling/deployment/bundling.spl:371 ./lib/nogc_sync_mut/io/compress_sffi.spl:66
Platform	DIVERGENT	3	3	3	./compiler/70.backend/linker/smf_enums.spl:17 ./compiler_rust/lib/std/src/tooling/deployment/containers.spl:154 ./lib/nogc_sync_mut/package/dist.spl:21
TransferMode	DIVERGENT	3	3	2	./app/io/ftp_ffi.spl:72 ./compiler_rust/lib/std/src/host/common/net/ftp.spl:11 ./lib/nogc_sync_mut/io/ftp_sffi.spl:72
HirExprKind	DIVERGENT	7	2	6	./compiler/20.hir/hir_definitions.spl:437 ./compiler/30.types/bidir_phase1a.spl:98 ./compiler/30.types/bidir_phase1b.spl:48 ./compiler/30.types/bidir_phase1c.spl:81 ./compiler/30.types/bidir_phase1d.spl:74 ./compiler_rust/lib/std/src/hir/lower.spl:192 ./compiler_rust/lib/std/src/hir/types.spl:357
Type	DIVERGENT	7	2	5	./compiler/20.hir/inference/types.spl:31 ./compiler_rust/lib/std/src/type_checker/type_inference.spl:8 ./compiler_rust/lib/std/src/type_checker/type_inference_simple.spl:6 ./compiler_rust/lib/std/src/type_checker/type_inference_v2.spl:5 ./compiler_rust/lib/std/src/type_checker/type_inference_v3.spl:5 ./compiler_rust/lib/std/src/type_checker/type_inference_v4.spl:43 ./compiler_rust/lib/std/src/verification/models/type_inference.spl:22
Capability	DIVERGENT	5	2	5	./compiler/99.loader/module_resolver/types.spl:46 ./lib/common/ui/capability.spl:3 ./lib/nogc_sync_mut/fs_driver/capability.spl:9 ./lib/nogc_sync_mut/security/enforcement/capability.spl:16 ./lib/nogc_sync_mut/storage/capability.spl:9
JointType	DIVERGENT	5	2	2	./app/io/rapier2d_ffi.spl:408 ./app/io/rapier2d_sffi.spl:408 ./lib/nogc_async_mut/engine/physics/joints.spl:273 ./lib/nogc_sync_mut/engine/physics/joints.spl:273 ./lib/nogc_sync_mut/io/rapier2d_sffi.spl:408
Option	DIVERGENT	5	2	2	./compiler/30.types/bidir_phase1b.spl:225 ./compiler/30.types/bidir_phase1c.spl:49 ./compiler/30.types/bidir_phase1d.spl:66 ./compiler/30.types/bidirectional_types.spl:105 ./compiler_rust/lib/std/src/core/option.spl:4
ActorState	DIVERGENT	4	2	3	./app/interpreter/async_runtime/actor_scheduler.spl:108 ./lib/nogc_async_mut/actor/actor.spl:151 ./lib/nogc_async_mut/actor_scheduler.spl:32 ./lib/nogc_async_mut/actors/actor.spl:306
ArgType	DIVERGENT	4	2	2	./compiler_rust/lib/std/src/cli/types.spl:6 ./lib/gc_async_mut/cli/types.spl:8 ./lib/nogc_async_mut/cli/types.spl:8 ./lib/nogc_sync_mut/cli/types.spl:8
CallType	DIVERGENT	4	2	3	./compiler_rust/lib/std/src/diagram/recorder.spl:14 ./compiler_rust/lib/std/src/spec/diagram.spl:110 ./lib/nogc_async_mut/diagram/__init__.spl:12 ./lib/nogc_sync_mut/diagram/__init__.spl:12
ErrorCategory	DIVERGENT	4	2	3	./compiler_rust/lib/std/src/mcp/core/error_handler.spl:15 ./lib/nogc_async_mut/failsafe/core.spl:37 ./lib/nogc_async_mut/mcp/error_handler.spl:9 ./lib/nogc_sync_mut/failsafe/core.spl:37
H2StreamState	DIVERGENT	4	2	2	./lib/gc_async_mut/gpu/browser_engine/net/h2_stream.spl:13 ./lib/nogc_async_mut/http/h2/h2_stream.spl:16 ./lib/nogc_async_mut/http_server/h2_stream.spl:24 ./os/http2/h2_connection.spl:50
HttpStatus	DIVERGENT	4	2	2	./app/io/http_ffi.spl:113 ./app/io/http_sffi.spl:113 ./lib/nogc_sync_mut/http_server/types.spl:61 ./lib/nogc_sync_mut/io/http_sffi.spl:113
Severity	DIVERGENT	4	2	2	./compiler/00.common/diagnostics/severity.spl:6 ./compiler/00.common/error.spl:16 ./compiler_rust/lib/std/src/tooling/compiler/severity.spl:9 ./compiler_rust/lib/std/src/verification/lean/verification_diagnostics.spl:26
VersionConstraint	DIVERGENT	4	2	2	./app/pkg/version.spl:84 ./lib/gc_async_mut/package/types.spl:32 ./lib/nogc_async_mut/package/types.spl:32 ./lib/nogc_sync_mut/package/types.spl:32
AdviceKind	DIVERGENT	3	2	2	./compiler/00.common/structural_contracts/aop.spl:24 ./compiler/10.frontend/core/aop.spl:28 ./lib/nogc_sync_mut/src/aop.spl:12
DependencyType	DIVERGENT	3	2	3	./compiler/60.mir_opt/mir_opt/auto_vectorize_analysis.spl:15 ./compiler_rust/lib/std/src/mcp/simple_lang/dependencies.spl:13 ./compiler_rust/lib/std/src/tooling/core/dependency.spl:53
HirStmtKind	DIVERGENT	3	2	3	./compiler/20.hir/hir_definitions.spl:693 ./compiler_rust/lib/std/src/hir/lower.spl:323 ./compiler_rust/lib/std/src/hir/types.spl:421
Literal	DIVERGENT	3	2	2	./app/interpreter/ast_types.spl:104 ./lib/common/parser/ast.spl:56 ./lib/gc_async_mut/pure/ast.spl:58
MatchResult	DIVERGENT	3	2	3	./compiler_rust/lib/std/src/tooling/compiler/pattern_matching.spl:111 ./lib/common/doctest/matcher.spl:8 ./lib/common/target_spec.spl:10
OpenMode	DIVERGENT	3	2	3	./compiler_rust/lib/std/src/file/__init__.spl:158 ./compiler_rust/lib/std/src/host/common/io/types.spl:213 ./lib/nogc_async_mut/slang/nvfs_client/__init__.spl:20
OptLevel	DIVERGENT	3	2	3	./compiler/10.frontend/core/backend_types.spl:55 ./compiler/60.mir_opt/mir_opt/mod.spl:91 ./compiler_rust/lib/std/src/tooling/deployment/_Optimization/binary_optimizer.spl:160
RefKind	DIVERGENT	3	2	3	./compiler/70.backend/linker/symbol_analysis.spl:25 ./compiler_rust/lib/std/src/mcp/simple_lang/symbol_table.spl:11 ./compiler_rust/lib/std/src/tooling/compiler/symbol_analysis.spl:10
ScopeKind	DIVERGENT	3	2	2	./app/interpreter/collections/persistent_symbol_table.spl:59 ./compiler/20.hir/hir_types.spl:187 ./compiler/35.semantics/macro_check/hygiene.spl:82
SessionState	DIVERGENT	3	2	2	./app/mcp/debug_session.spl:8 ./lib/nogc_async_mut/mcp/debug_session.spl:8 ./lib/nogc_async_mut/mcp/session.spl:9
SymbolVisibility	DIVERGENT	3	2	3	./compiler/70.backend/linker/symbol_analysis.spl:13 ./compiler/99.loader/settlement/linker.spl:16 ./compiler_rust/lib/std/src/tooling/compiler/symbol_analysis.spl:42
SymKind	DIVERGENT	3	2	2	./compiler/00.common/dependency/macro_import.spl:25 ./lib/nogc_async_mut/dependency_tracker/macro_import.spl:15 ./lib/nogc_sync_mut/dependency_tracker/macro_import.spl:15
Value	DIVERGENT	3	2	3	./compiler/70.backend/backend_types.spl:178 ./lib/gc_async_mut/pure/evaluator.spl:13 ./lib/nogc_sync_mut/src/di.spl:575
ActorPriority	DIVERGENT	2	2	2	./app/interpreter/async_runtime/actor_scheduler.spl:79 ./lib/nogc_async_mut/actor_scheduler.spl:13
Arch	DIVERGENT	2	2	2	./compiler/70.backend/linker/smf_enums.spl:62 ./lib/nogc_sync_mut/replay/types.spl:10
Backend	DIVERGENT	2	2	2	./compiler/10.frontend/parser_types_expr.spl:109 ./lib/nogc_sync_mut/src/dl/config.spl:93
CommonMistake	DIVERGENT	2	2	2	./compiler/10.frontend/parser/recovery.spl:14 ./compiler_rust/lib/std/src/parser/error_recovery.spl:6
ContractKind	DIVERGENT	2	2	2	./compiler/95.interp/interpreter/contracts.spl:60 ./compiler_rust/lib/std/src/tooling/compiler/mir_types.spl:38
ControlFlow	DIVERGENT	2	2	2	./app/interpreter/control/control/loops.spl:16 ./os/apps/shell/shell_script.spl:8
DimConstraint	DIVERGENT	2	2	2	./compiler/30.types/dim_constraints_types.spl:13 ./compiler_rust/lib/std/src/verification/models/tensor_constraint.spl:1
EffectKind	DIVERGENT	2	2	2	./compiler/20.hir/hir_types.spl:833 ./compiler_rust/lib/std/src/verification/models/async_effects.spl:5
EvalResult	DIVERGENT	2	2	2	./app/interpreter/ffi/eval_slice.spl:25 ./compiler_rust/lib/std/src/hir/eval.spl:203
ExecutionMode	DIVERGENT	2	2	2	./compiler_rust/lib/std/src/spec/execution_mode.spl:6 ./lib/common/compute/placement_contracts/semantic.spl:36
FileMode	DIVERGENT	2	2	2	./compiler/99.loader/module_resolver/types.spl:34 ./lib/common/io/types.spl:339
FixConfidence	DIVERGENT	2	2	2	./compiler/00.common/diagnostics/diagnostic_v1.spl:29 ./lib/nogc_sync_mut/tooling/easy_fix/types.spl:24
GpuMemoryScope	DIVERGENT	2	2	2	./compiler/50.mir/mir_instruction_support.spl:31 ./compiler_rust/lib/std/src/tooling/compiler/mir_types.spl:126
HirPatternKind	DIVERGENT	2	2	2	./compiler/20.hir/hir_definitions.spl:666 ./compiler_rust/lib/std/src/hir/types.spl:465
IoErrorKind	DIVERGENT	2	2	2	./compiler_rust/lib/std/src/core/error.spl:42 ./lib/common/io/types.spl:97
Permission	DIVERGENT	2	2	2	./app/linker_gen/parser.spl:9 ./compiler_rust/lib/std/src/lms/auth.spl:76
PhaseResult	DIVERGENT	2	2	2	./compiler/80.driver/build_log.spl:30 ./lib/nogc_async_mut/http_server/types.spl:73
Poll	DIVERGENT	2	2	2	./compiler_rust/lib/std/src/bare/async/waker.spl:80 ./lib/nogc_async_mut/async/poll.spl:5
PromiseState	DIVERGENT	2	2	2	./compiler_rust/lib/std/src/concurrency/promise.spl:58 ./lib/common/js/builtins/promise.spl:6
ProofStatus	DIVERGENT	2	2	2	./compiler/90.tools/verify/checker.spl:14 ./compiler_rust/lib/std/src/verification/proofs/obligations.spl:10
RuleAction	DIVERGENT	2	2	2	./compiler/70.backend/arch_rules.spl:16 ./lib/nogc_async_mut/mcp/fileio_protection.spl:21
SdnValue	DIVERGENT	2	2	2	./compiler_rust/lib/std/src/sdn/value.spl:17 ./lib/common/sdn/value.spl:28
SectionType	DIVERGENT	2	2	2	./compiler/70.backend/linker/smf_writer.spl:45 ./compiler_rust/lib/std/src/mcp/core/markdown.spl:11
Shutdown	DIVERGENT	2	2	2	./compiler_rust/lib/std/src/host/common/net/shutdown.spl:7 ./lib/common/io/types.spl:373
StmtKind	DIVERGENT	2	2	2	./compiler/10.frontend/parser_types_expr.spl:446 ./os/apps/shell/shell_script.spl:19
TargetArch	DIVERGENT	2	2	2	./compiler/70.backend/backend/backend_selector.spl:26 ./lib/common/target.spl:1
TargetFamily	DIVERGENT	2	2	2	./compiler/60.mir_opt/mir_opt/target_family.spl:10 ./lib/nogc_sync_mut/simd/numeric_caps.spl:12
TaskKind	DIVERGENT	2	2	2	./app/llm_dashboard/data/types.spl:1 ./compiler_rust/lib/std/src/mcp/tooling.spl:29
TaskStatus	DIVERGENT	2	2	2	./app/office/planner/task.spl:9 ./compiler_rust/lib/std/src/mcp/tooling.spl:91
Terminator	DIVERGENT	2	2	2	./compiler/55.borrow/borrow_check/nll.spl:39 ./compiler_rust/lib/std/src/tooling/compiler/graph_utils.spl:38
ValueType	DIVERGENT	2	2	2	./app/interpreter/memory/message_transfer.spl:396 ./compiler/70.backend/sffi_minimal.spl:13
HirType	DIVERGENT	26	1	12	./compiler/25.traits/trait_method_resolution.spl:15 ./compiler/30.types/associated_types_defs.spl:20 ./compiler/30.types/associated_types_phase4a.spl:16 ./compiler/30.types/associated_types_phase4b.spl:16 ./compiler/30.types/associated_types_phase4c.spl:16 ./compiler/30.types/associated_types_phase4d.spl:16 ./compiler/30.types/bidir_phase1a.spl:56 ./compiler/30.types/bidir_phase1b.spl:16 ./compiler/30.types/bidir_phase1c.spl:17 ./compiler/30.types/bidir_phase1d.spl:26 ./compiler/30.types/bidirectional_types.spl:60 ./compiler/30.types/const_key_type.spl:12 ./compiler/30.types/const_keys_phase8b.spl:15 ./compiler/30.types/const_keys_phase8c.spl:188 ./compiler/30.types/higher_rank_poly_phase5a.spl:115 ./compiler/30.types/higher_rank_poly_phase5c.spl:43 ./compiler/30.types/higher_rank_poly_phase5d.spl:43 ./compiler/30.types/higher_rank_poly_types.spl:114 ./compiler/30.types/macro_checker_phase7a.spl:15 ./compiler/30.types/macro_checker_phase7b.spl:16 ./compiler/30.types/macro_checker_phase7c.spl:16 ./compiler/30.types/macro_def.spl:20 ./compiler/30.types/variance_phase6b.spl:59 ./compiler/30.types/variance_phase6c.spl:56 ./compiler/30.types/variance_phase6d.spl:63 ./compiler/30.types/variance_types.spl:279
Dim	DIVERGENT	7	1	4	./compiler_rust/lib/std/examples/ml/reshape_examples.spl:10 ./compiler_rust/lib/std/examples/ml/tensor_advanced_operations.spl:18 ./compiler_rust/lib/std/examples/ml/tensor_dimensions_complete.spl:14 ./compiler_rust/lib/std/examples/ml/tensor_dimensions_demo.spl:13 ./compiler_rust/lib/std/examples/ml/tensor_dimensions_demo_short.spl:13 ./compiler_rust/lib/std/examples/ml/tensor_dimensions_standalone_demo.spl:13 ./compiler_rust/lib/std/src/verification/models/tensor_dim.spl:28
InferMode	DIVERGENT	7	1	3	./compiler/30.types/bidir_phase1a.spl:15 ./compiler/30.types/bidir_phase1b.spl:12 ./compiler/30.types/bidir_phase1c.spl:13 ./compiler/30.types/bidir_phase1d.spl:16 ./compiler/30.types/bidirectional_types.spl:19 ./compiler/30.types/type_infer_types.spl:223 ./compiler/30.types/type_system/bidirectional.spl:26
ShapeResult	DIVERGENT	6	1	2	./compiler_rust/lib/std/examples/ml/reshape_examples.spl:23 ./compiler_rust/lib/std/examples/ml/tensor_advanced_operations.spl:41 ./compiler_rust/lib/std/examples/ml/tensor_dimensions_complete.spl:141 ./compiler_rust/lib/std/examples/ml/tensor_dimensions_demo.spl:29 ./compiler_rust/lib/std/examples/ml/tensor_dimensions_demo_short.spl:119 ./compiler_rust/lib/std/examples/ml/tensor_dimensions_standalone_demo.spl:119
Kind	DIVERGENT	5	1	2	./compiler/30.types/higher_rank_poly_phase5a.spl:15 ./compiler/30.types/higher_rank_poly_phase5b.spl:15 ./compiler/30.types/higher_rank_poly_phase5c.spl:15 ./compiler/30.types/higher_rank_poly_phase5d.spl:15 ./compiler/30.types/higher_rank_poly_types.spl:14
RunStatus	DIVERGENT	5	1	2	./lib/gc_async_mut/src/exp/run.spl:20 ./lib/nogc_async_mut/database/test.spl:24 ./lib/nogc_async_mut/src/exp/run.spl:20 ./lib/nogc_sync_mut/database/test.spl:23 ./lib/nogc_sync_mut/src/exp/run.spl:20
ShapeError	DIVERGENT	5	1	4	./compiler_rust/lib/std/examples/ml/reshape_examples.spl:14 ./compiler_rust/lib/std/examples/ml/tensor_advanced_operations.spl:25 ./compiler_rust/lib/std/examples/ml/tensor_dimensions_complete.spl:21 ./compiler_rust/lib/std/examples/ml/tensor_dimensions_demo.spl:20 ./compiler_rust/lib/std/src/verification/models/tensor_error.spl:1
Variance	DIVERGENT	5	1	2	./compiler/30.types/variance_phase6a.spl:15 ./compiler/30.types/variance_phase6b.spl:16 ./compiler/30.types/variance_phase6c.spl:16 ./compiler/30.types/variance_phase6d.spl:16 ./compiler/30.types/variance_types.spl:14
DiagnosticLevel	DIVERGENT	4	1	2	./compiler/10.frontend/core/aop.spl:39 ./compiler/15.blocks/blocks/context.spl:10 ./compiler/80.driver/build_log.spl:35 ./compiler/weaving/diagnostics.spl:10
FrameState	DIVERGENT	4	1	2	./lib/gc_async_mut/compositor/frame.spl:10 ./lib/nogc_async_mut/compositor/frame.spl:10 ./lib/nogc_sync_mut/compositor/frame.spl:10 ./lib/viz/feature/frame_scheduler.spl:19
BackendKind	DIVERGENT	3	1	2	./compiler/10.frontend/core/backend_types.spl:12 ./compiler/70.backend/backend/backend_types.spl:20 ./compiler/70.backend/backend_types.spl:16
BlendMode	DIVERGENT	3	1	2	./lib/common/drawing/document.spl:12 ./lib/nogc_async_mut/engine/render/types.spl:28 ./lib/nogc_sync_mut/engine/render/types.spl:28
BuildMode	DIVERGENT	3	1	2	./compiler/10.frontend/core/backend_types.spl:290 ./compiler/70.backend/backend/backend_types.spl:212 ./compiler/80.driver/build_mode.spl:13
CaptureMode	DIVERGENT	3	1	2	./compiler_rust/lib/std/src/hir/types.spl:280 ./compiler_rust/lib/std/src/spec/screenshot.spl:100 ./compiler_rust/lib/std/src/tooling/compiler/mir_types.spl:205
GpuBackend	DIVERGENT	3	1	2	./lib/common/gpu/device.spl:3 ./lib/nogc_async_mut/engine/physics/backend_gpu/gpu_solver.spl:465 ./lib/nogc_sync_mut/engine/physics/backend_gpu/gpu_solver.spl:13
JsExpression	DIVERGENT	3	1	2	./lib/common/js/types/ast_types.spl:8 ./lib/js/types/ast_types.spl:13 ./lib/nogc_sync_mut/js/types/ast_types.spl:23
JsStatement	DIVERGENT	3	1	2	./lib/common/js/types/ast_types.spl:35 ./lib/js/types/ast_types.spl:35 ./lib/nogc_sync_mut/js/types/ast_types.spl:66
JsValue	DIVERGENT	3	1	2	./lib/common/js/types/js_types.spl:5 ./lib/js/types/js_types.spl:3 ./lib/nogc_sync_mut/js/types/js_types.spl:7
Language	DIVERGENT	3	1	3	./compiler_rust/lib/std/src/mcp/multi_lang/__init__.spl:50 ./compiler_rust/lib/std/src/tooling/core/project.spl:10 ./compiler_rust/lib/std/src/tooling/todo_parser.spl:36
LinalgError	DIVERGENT	3	1	3	./lib/common/science_math/blas.spl:35 ./lib/common/science_math/lapack.spl:38 ./lib/nogc_async_mut/linalg/linalg_core.spl:8
Ordering	DIVERGENT	3	1	3	./compiler_rust/lib/std/src/core/cmp_ord.spl:6 ./compiler_rust/lib/std/src/core/traits.spl:84 ./compiler_rust/lib/std/src/infra/atomic.spl:23
ResourceType	DIVERGENT	3	1	2	./lib/nogc_async_mut/failsafe/resource_monitor.spl:14 ./lib/nogc_sync_mut/engine/resource/types.spl:42 ./lib/nogc_sync_mut/failsafe/resource_monitor.spl:14
ChangeKind	DIVERGENT	2	1	2	./compiler/80.driver/driver_build/incremental.spl:226 ./compiler/90.tools/semantic_diff.spl:14
CodegenOutputKind	DIVERGENT	2	1	2	./compiler/70.backend/backend/codegen_types.spl:23 ./compiler/70.backend/backend/common/codegen.spl:20
CodegenTarget	DIVERGENT	2	1	2	./compiler/10.frontend/core/backend_types.spl:37 ./compiler/70.backend/backend/backend_types.spl:78
CompileResult	DIVERGENT	2	1	2	./compiler/00.common/driver_compile_result.spl:1 ./compiler/00.common/parallel.spl:26
CompletionKind	DIVERGENT	2	1	2	./compiler/15.blocks/blocks/definition.spl:273 ./compiler/90.tools/query_types.spl:80
ConcreteType	DIVERGENT	2	1	2	./compiler/40.mono/monomorphize/engine.spl:19 ./compiler/40.mono/monomorphize/types.spl:43
ConfigValue	DIVERGENT	2	1	2	./lib/common/experiment/config.spl:17 ./lib/nogc_sync_mut/src/exp/config.spl:21
ConstraintKind	DIVERGENT	2	1	2	./compiler/55.borrow/borrow_check/lifetime.spl:130 ./compiler/70.backend/linker/obj_taker.spl:123
ConstValue	DIVERGENT	2	1	2	./compiler/10.frontend/parser/macro_registry.spl:58 ./compiler/15.blocks/blocks/definition.spl:314
ContentType	DIVERGENT	2	1	2	./lib/gc_async_mut/gpu/browser_engine/resource_loader.spl:11 ./lib/nogc_async_mut_noalloc/tls/types.spl:58
ContractExprKind	DIVERGENT	2	1	2	./compiler_rust/lib/std/src/verification/lean/contracts.spl:188 ./compiler_rust/lib/std/src/verification/models/contracts.spl:21
CSSValue	DIVERGENT	2	1	2	./lib/common/render_scene/css_types.spl:13 ./lib/gc_async_mut/gpu/browser_engine/style/animation.spl:37
DrawQuadKind	DIVERGENT	2	1	2	./lib/viz/entity/draw_quad.spl:18 ./lib/viz/feature/frame_builder.spl:24
GameState	DIVERGENT	2	1	2	./app/game.breakout/game.spl:46 ./app/game.rollball/game.spl:70
InstantiationMode	DIVERGENT	2	1	2	./compiler/00.common/compilation_context.spl:16 ./compiler/40.mono/monomorphize/deferred_subst.spl:349
IoError	DIVERGENT	2	1	2	./compiler_rust/lib/std/src/host/common/io/error.spl:7 ./compiler_rust/lib/std/src/host/sync_nogc_mut/io/fs/ops.spl:16
ItemKind	DIVERGENT	2	1	2	./compiler_rust/lib/std/src/mcp/mcp_extended.spl:273 ./compiler_rust/lib/std/src/mcp/multi_lang/rust_mcp.spl:21
JoinPointKind	DIVERGENT	2	1	2	./compiler/10.frontend/core/aop.spl:44 ./compiler/85.mdsoc/weaving/join_point_kind.spl:4
JsonValue	DIVERGENT	2	1	2	./compiler_rust/lib/std/src/core/json.spl:8 ./compiler_rust/lib/std/src/data/json.spl:17
LayerKind	DIVERGENT	2	1	2	./lib/nogc_async_mut/payment/test/sfm_spec.spl:9 ./lib/nogc_sync_mut/sfm/manifest.spl:12
LifecycleEvent	DIVERGENT	2	1	2	./lib/common/ui/lifecycle.spl:15 ./lib/nogc_sync_mut/desktop/lifecycle.spl:9
McpError	DIVERGENT	2	1	2	./compiler_rust/lib/std/src/mcp/mcp_extended.spl:458 ./compiler_rust/lib/std/src/mcp/multi_lang/__init__.spl:670
MemoryOrder	DIVERGENT	2	1	2	./compiler_rust/lib/std/src/gpu/kernel/atomics.spl:6 ./compiler_rust/lib/std/src/verification/models/memory_model_drf.spl:8
ParseError	DIVERGENT	2	1	2	./app/interpreter/parser.spl:11 ./app/linker_gen/parser.spl:107
PowerState	DIVERGENT	2	1	2	./lib/nogc_sync_mut/desktop/power.spl:8 ./lib/nogc_sync_mut/driver/types.spl:67
ProceedError	DIVERGENT	2	1	2	./compiler/90.tools/aop_proceed.spl:13 ./compiler/90.tools/aop_proceed_minimal.spl:10
SecurityEvent	DIVERGENT	2	1	2	./lib/common/security/types.spl:13 ./lib/nogc_sync_mut/security/types.spl:11
SecuritySeverity	DIVERGENT	2	1	2	./lib/common/security/types.spl:5 ./lib/nogc_sync_mut/security/types.spl:24
SfmSecurityLevel	DIVERGENT	2	1	2	./lib/nogc_async_mut/payment/test/sfm_spec.spl:4 ./lib/nogc_sync_mut/sfm/manifest.spl:21
SimdElementType	DIVERGENT	2	1	2	./compiler/00.common/simd_types.spl:17 ./compiler/35.semantics/simd_check.spl:23
Stmt	DIVERGENT	2	1	2	./lib/common/parser/ast.spl:106 ./lib/gc_async_mut/pure/ast.spl:100
SymbolBinding	DIVERGENT	2	1	2	./compiler/70.backend/linker/obj_taker.spl:60 ./compiler/99.loader/settlement/linker.spl:22
TestExecutionMode	DIVERGENT	2	1	2	./lib/nogc_sync_mut/test_runner/execution_strategy.spl:14 ./lib/nogc_sync_mut/test_runner/test_runner_types.spl:11
VulkanCommand3DKind	DIVERGENT	2	1	2	./lib/nogc_async_mut/engine/render/vulkan_commands.spl:13 ./lib/nogc_sync_mut/engine/render/vulkan_commands.spl:13
DebugLevel	IDENTICAL	6	2	1	./app/interpreter/debug.spl:11 ./app/interpreter/helpers/debug.spl:11 ./app/interpreter/helpers/debug_simple.spl:9 ./lib/nogc_async_mut/debugger.spl:11 ./lib/nogc_sync_mut/debug.spl:12 ./lib/nogc_sync_mut/debugger.spl:11
BreakpointType	IDENTICAL	5	4	1	./app/dap/hooks.spl:26 ./compiler/90.tools/sffi_gen/specs/interpreter_hooks.spl:15 ./lib/nogc_async_mut/dap/hooks.spl:26 ./lib/nogc_sync_mut/dap/hooks.spl:26 ./runtime/hooks.spl:26
CircuitState	IDENTICAL	5	2	1	./compiler_rust/lib/std/src/tooling/retry_utils.spl:140 ./lib/nogc_async_mut/failsafe/circuit.spl:12 ./lib/nogc_async_mut/payment/src/gateway/circuit_breaker.spl:7 ./lib/nogc_async_mut/payment/test/circuit_breaker_spec.spl:4 ./lib/nogc_sync_mut/failsafe/circuit.spl:12
ExecutionState	IDENTICAL	5	4	1	./app/dap/hooks.spl:46 ./compiler/90.tools/sffi_gen/specs/interpreter_hooks.spl:23 ./lib/nogc_async_mut/dap/hooks.spl:46 ./lib/nogc_sync_mut/dap/hooks.spl:46 ./runtime/hooks.spl:46
CardBrand	IDENTICAL	4	1	1	./lib/nogc_async_mut/payment/src/card/card_types.spl:3 ./lib/nogc_async_mut/payment/test/card_spec.spl:4 ./lib/nogc_async_mut/payment/test/local_gateway_spec.spl:67 ./lib/nogc_async_mut/payment/test/vault_spec.spl:4
DebugEvent	IDENTICAL	4	3	1	./app/dap/hooks.spl:84 ./lib/nogc_async_mut/dap/hooks.spl:84 ./lib/nogc_sync_mut/dap/hooks.spl:84 ./runtime/hooks.spl:84
RendererMode	IDENTICAL	4	1	1	./lib/gc_async_mut/engine/core/engine.spl:40 ./lib/nogc_async_mut/engine/core/renderer_mode.spl:3 ./lib/nogc_sync_mut/engine/core/engine.spl:40 ./lib/nogc_sync_mut/engine/core/renderer_mode.spl:3
Result	IDENTICAL	4	2	1	./compiler/30.types/const_key_validator.spl:185 ./compiler/30.types/const_keys_phase8c.spl:216 ./compiler_rust/lib/std/src/core/result.spl:4 ./compiler_rust/lib/std/src/spec/mode_runner.spl:238
ServerState	IDENTICAL	4	2	1	./compiler_rust/lib/std/src/lms/server.spl:12 ./lib/gc_async_mut/lsp/server.spl:7 ./lib/nogc_async_mut/lsp/server.spl:7 ./lib/nogc_sync_mut/lsp/server.spl:7
Aes128GcmResult	IDENTICAL	3	2	1	./lib/nogc_async_mut_noalloc/tls/aes128_gcm.spl:130 ./os/crypto/aes128_gcm.spl:19 ./os/services/nvfs/core/crypto/aes128_gcm.spl:78
BackendSessionMode	IDENTICAL	3	1	1	./lib/gc_async_mut/gpu/engine2d/backend_session.spl:18 ./lib/gc_async_mut/gpu/engine2d/engine2d_api.spl:20 ./lib/gc_async_mut/gpu/engine2d/web_render_session.spl:23
BackoffStrategy	IDENTICAL	3	1	1	./lib/gc_async_mut/src/testing/mocking_advanced.spl:164 ./lib/nogc_async_mut/src/testing/mocking_advanced.spl:164 ./lib/nogc_sync_mut/src/testing/mocking_advanced.spl:164
BatteryStatus	IDENTICAL	3	2	1	./app/io/gamepad_ffi.spl:92 ./app/io/gamepad_sffi.spl:92 ./lib/nogc_sync_mut/io/gamepad_sffi.spl:92
BodyType	IDENTICAL	3	2	1	./app/io/rapier2d_ffi.spl:163 ./app/io/rapier2d_sffi.spl:163 ./lib/nogc_sync_mut/io/rapier2d_sffi.spl:163
ByteOrder	IDENTICAL	3	1	1	./lib/common/binary_io.spl:26 ./lib/gc_async_mut/binary_io.spl:26 ./lib/nogc_async_mut/binary_io.spl:26
ColliderShape	IDENTICAL	3	2	1	./app/io/rapier2d_ffi.spl:276 ./app/io/rapier2d_sffi.spl:276 ./lib/nogc_sync_mut/io/rapier2d_sffi.spl:276
CompiledSymbolKind	IDENTICAL	3	1	1	./compiler/10.frontend/core/backend_types.spl:414 ./compiler/70.backend/backend/backend_types.spl:352 ./compiler/70.backend/backend_types.spl:104
CompletionContext	IDENTICAL	3	1	1	./lib/gc_async_mut/lsp/handlers/completion.spl:255 ./lib/nogc_async_mut/lsp/handlers/completion.spl:255 ./lib/nogc_sync_mut/lsp/handlers/completion.spl:255
CompletionItemKind	IDENTICAL	3	1	1	./lib/gc_async_mut/lsp/handlers/completion.spl:11 ./lib/nogc_async_mut/lsp/handlers/completion.spl:11 ./lib/nogc_sync_mut/lsp/handlers/completion.spl:11
DebugError	IDENTICAL	3	2	1	./app/debug/remote/types.spl:57 ./lib/nogc_async_mut/debug/remote/types.spl:57 ./lib/nogc_sync_mut/debug/remote/types.spl:57
DebugExecutionMode	IDENTICAL	3	2	1	./app/mcp/dap_types.spl:30 ./lib/nogc_async_mut/debug/remote/session_model.spl:3 ./lib/nogc_sync_mut/debug/remote/session_model.spl:3
DebuggerState	IDENTICAL	3	2	1	./app/dap/dap_types.spl:111 ./lib/nogc_async_mut/dap/dap_types.spl:111 ./lib/nogc_sync_mut/dap/dap_types.spl:111
DebugTransportKind	IDENTICAL	3	2	1	./app/mcp/dap_types.spl:41 ./lib/nogc_async_mut/debug/remote/session_model.spl:14 ./lib/nogc_sync_mut/debug/remote/session_model.spl:14
DependencySource	IDENTICAL	3	1	1	./lib/gc_async_mut/package/types.spl:47 ./lib/nogc_async_mut/package/types.spl:47 ./lib/nogc_sync_mut/package/types.spl:47
Endianness	IDENTICAL	3	2	1	./app/debug/remote/types.spl:31 ./lib/nogc_async_mut/debug/remote/types.spl:31 ./lib/nogc_sync_mut/debug/remote/types.spl:31
EventType	IDENTICAL	3	2	1	./app/io/window_ffi.spl:380 ./app/io/window_sffi.spl:380 ./lib/nogc_sync_mut/io/window_sffi.spl:413
FeatureId	IDENTICAL	3	2	1	./app/debug/remote/feature/features.spl:6 ./lib/nogc_async_mut/debug/remote/feature/features.spl:6 ./lib/nogc_sync_mut/debug/remote/feature/features.spl:6
FetchState	IDENTICAL	3	1	1	./compiler/10.frontend/desugar/desugar_async.spl:50 ./compiler/10.frontend/desugar/state_enum.spl:295 ./compiler/90.tools/desugar_async.spl:48
FileKind	IDENTICAL	3	2	1	./compiler/00.common/dependency/resolution.spl:37 ./lib/nogc_async_mut/dependency_tracker/resolution.spl:60 ./lib/nogc_sync_mut/dependency_tracker/resolution.spl:57
FillRule	IDENTICAL	3	2	1	./app/io/graphics2d_ffi.spl:237 ./app/io/graphics2d_sffi.spl:237 ./lib/nogc_sync_mut/io/graphics2d_sffi.spl:237
FutureState	IDENTICAL	3	2	1	./app/interpreter/async_runtime/futures.spl:10 ./lib/nogc_async_mut/async_host/future.spl:22 ./lib/nogc_sync_mut/src/future.spl:7
GamepadAxis	IDENTICAL	3	2	1	./app/io/gamepad_ffi.spl:196 ./app/io/gamepad_sffi.spl:196 ./lib/nogc_sync_mut/io/gamepad_sffi.spl:196
GamepadButton	IDENTICAL	3	2	1	./app/io/gamepad_ffi.spl:122 ./app/io/gamepad_sffi.spl:122 ./lib/nogc_sync_mut/io/gamepad_sffi.spl:122
GamepadEventType	IDENTICAL	3	2	1	./app/io/gamepad_ffi.spl:231 ./app/io/gamepad_sffi.spl:231 ./lib/nogc_sync_mut/io/gamepad_sffi.spl:231
GcColor	IDENTICAL	3	1	1	./lib/gc_async_mut/gc.spl:37 ./lib/nogc_async_mut/gc.spl:37 ./lib/nogc_sync_mut/gc.spl:37
GdbMiRecord	IDENTICAL	3	2	1	./app/debug/remote/protocol/gdb_mi_parser.spl:11 ./lib/nogc_async_mut/debug/remote/protocol/gdb_mi_parser.spl:11 ./lib/nogc_sync_mut/debug/remote/protocol/gdb_mi_parser.spl:11
GitRef	IDENTICAL	3	1	1	./lib/gc_async_mut/package/types.spl:53 ./lib/nogc_async_mut/package/types.spl:53 ./lib/nogc_sync_mut/package/types.spl:53
GpuAtomicOpKind	IDENTICAL	3	1	1	./compiler/50.mir/mir_instruction_support.spl:38 ./compiler/70.backend/backend/common/gpu_codegen.spl:24 ./compiler/70.backend/backend/gpu_codegen_types.spl:15
GpuBarrierScope	IDENTICAL	3	1	1	./compiler/50.mir/mir_instruction_support.spl:25 ./compiler/70.backend/backend/common/gpu_codegen.spl:14 ./compiler/70.backend/backend/gpu_codegen_types.spl:9
GpuCommand	IDENTICAL	3	1	1	./lib/gc_async_mut/compositor/gpu_command.spl:23 ./lib/nogc_async_mut/compositor/gpu_command.spl:23 ./lib/nogc_sync_mut/compositor/gpu_command.spl:23
H2Frame	IDENTICAL	3	1	1	./lib/gc_async_mut/http/h2/h2_frame.spl:161 ./lib/nogc_async_mut/http/h2/h2_frame.spl:161 ./lib/nogc_sync_mut/http/h2/h2_frame.spl:161
HaltReason	IDENTICAL	3	2	1	./app/debug/remote/types.spl:41 ./lib/nogc_async_mut/debug/remote/types.spl:41 ./lib/nogc_sync_mut/debug/remote/types.spl:41
HealthStatus	IDENTICAL	3	1	1	./lib/nogc_async_mut/failsafe/core.spl:154 ./lib/nogc_async_mut/http_server/health.spl:31 ./lib/nogc_sync_mut/failsafe/core.spl:154
HttpParseError	IDENTICAL	3	1	1	./lib/gc_async_mut/http/limits.spl:32 ./lib/nogc_async_mut/http/limits.spl:32 ./lib/nogc_sync_mut/http/limits.spl:32
InstallerPlatform	IDENTICAL	3	1	1	./lib/gc_async_mut/package/installer/types.spl:6 ./lib/nogc_async_mut/package/installer/types.spl:6 ./lib/nogc_sync_mut/package/installer/types.spl:6
JitBackendKind	IDENTICAL	3	1	1	./lib/gc_async_mut/jit/jit_types.spl:13 ./lib/nogc_async_mut/jit/jit_types.spl:13 ./lib/nogc_sync_mut/jit/jit_types.spl:13
KeyState	IDENTICAL	3	2	1	./app/io/window_ffi.spl:517 ./app/io/window_sffi.spl:517 ./lib/nogc_sync_mut/io/window_sffi.spl:571
LazyStatus	IDENTICAL	3	1	1	./lib/gc_async_mut/lazy_val.spl:9 ./lib/nogc_async_mut/lazy_val.spl:9 ./lib/nogc_sync_mut/lazy_val.spl:9
LineCap	IDENTICAL	3	2	1	./app/io/graphics2d_ffi.spl:300 ./app/io/graphics2d_sffi.spl:300 ./lib/nogc_sync_mut/io/graphics2d_sffi.spl:300
LineJoin	IDENTICAL	3	2	1	./app/io/graphics2d_ffi.spl:305 ./app/io/graphics2d_sffi.spl:305 ./lib/nogc_sync_mut/io/graphics2d_sffi.spl:305
LintLevel	IDENTICAL	3	3	1	./compiler/90.tools/lint/_LintMain/config_and_model.spl:32 ./compiler_rust/lib/std/src/tooling/lint_config.spl:75 ./lib/nogc_sync_mut/tooling/easy_fix/types.spl:8
MessageType	IDENTICAL	3	1	1	./lib/gc_async_mut/lsp/protocol.spl:8 ./lib/nogc_async_mut/lsp/protocol.spl:8 ./lib/nogc_sync_mut/lsp/protocol.spl:8
MiOption	IDENTICAL	3	1	1	./lib/gc_async_mut/mimalloc_types.spl:46 ./lib/nogc_async_mut/mimalloc_types.spl:46 ./lib/nogc_sync_mut/mimalloc_types.spl:46
MouseButton	IDENTICAL	3	2	1	./app/io/window_ffi.spl:577 ./app/io/window_sffi.spl:577 ./lib/nogc_sync_mut/io/window_sffi.spl:631
OsPageOp	IDENTICAL	3	1	1	./lib/gc_async_mut/mimalloc_page_policy.spl:11 ./lib/nogc_async_mut/mimalloc_page_policy.spl:11 ./lib/nogc_sync_mut/mimalloc_page_policy.spl:11
ParserMode	IDENTICAL	3	1	1	./lib/gc_async_mut/cli/parser_loader.spl:8 ./lib/nogc_async_mut/cli/parser_loader.spl:8 ./lib/nogc_sync_mut/cli/parser_loader.spl:8
PaymentStatus	IDENTICAL	3	1	1	./lib/nogc_async_mut/payment/src/gateway/gateway_trait.spl:3 ./lib/nogc_async_mut/payment/test/gateway_spec.spl:4 ./lib/nogc_async_mut/payment/test/local_gateway_spec.spl:4
RecordResult	IDENTICAL	3	2	1	./lib/nogc_async_mut_noalloc/tls/record.spl:31 ./os/tls12/tls12_record.spl:72 ./os/tls13/record13.spl:35
ResolutionResult	IDENTICAL	3	2	1	./compiler/00.common/dependency/resolution.spl:49 ./lib/nogc_async_mut/dependency_tracker/resolution.spl:65 ./lib/nogc_sync_mut/dependency_tracker/resolution.spl:62
Rv64AluOp	IDENTICAL	3	1	1	./lib/gc_async_mut/hardware/rv64/pipeline/types.spl:22 ./lib/nogc_async_mut/hardware/rv64/pipeline/types.spl:22 ./lib/nogc_sync_mut/hardware/rv64/pipeline/types.spl:22
Rv64InstType	IDENTICAL	3	1	1	./lib/gc_async_mut/hardware/rv64/pipeline/types.spl:67 ./lib/nogc_async_mut/hardware/rv64/pipeline/types.spl:67 ./lib/nogc_sync_mut/hardware/rv64/pipeline/types.spl:67
SeekFrom	IDENTICAL	3	2	1	./compiler_rust/lib/std/src/core/traits.spl:283 ./compiler_rust/lib/std/src/host/common/io/types.spl:455 ./lib/common/io/types.spl:249
SmokeTestResult	IDENTICAL	3	1	1	./lib/gc_async_mut/src/testing/deployment.spl:40 ./lib/nogc_async_mut/src/testing/deployment.spl:40 ./lib/nogc_sync_mut/src/testing/deployment.spl:40
SqliteType	IDENTICAL	3	2	1	./app/io/sqlite_ffi.spl:79 ./app/io/sqlite_sffi.spl:79 ./lib/nogc_sync_mut/io/sqlite_sffi.spl:79
StopReason	IDENTICAL	3	2	1	./app/dap/protocol.spl:235 ./lib/nogc_async_mut/dap/protocol.spl:235 ./lib/nogc_sync_mut/dap/protocol.spl:235
SurfaceFormat	IDENTICAL	3	1	1	./lib/gc_async_mut/compositor/gpu_surface.spl:19 ./lib/nogc_async_mut/compositor/gpu_surface.spl:19 ./lib/nogc_sync_mut/compositor/gpu_surface.spl:19
TargetType	IDENTICAL	3	2	1	./app/mcp/debug_session.spl:15 ./lib/nogc_async_mut/mcp/debug_session.spl:15 ./lib/nogc_async_mut/mcp/session.spl:16
TextMode	IDENTICAL	3	1	1	./lib/gc_async_mut/platform/newline.spl:10 ./lib/nogc_async_mut/platform/newline.spl:10 ./lib/nogc_sync_mut/platform/newline.spl:10
TimingMatchKind	IDENTICAL	3	1	1	./lib/gc_async_mut/src/testing/mocking_async.spl:414 ./lib/nogc_async_mut/src/testing/mocking_async.spl:414 ./lib/nogc_sync_mut/src/testing/mocking_async.spl:414
TokenModifier	IDENTICAL	3	1	1	./lib/gc_async_mut/lsp/handlers/semantic_tokens.spl:24 ./lib/nogc_async_mut/lsp/handlers/semantic_tokens.spl:24 ./lib/nogc_sync_mut/lsp/handlers/semantic_tokens.spl:24
TokenType	IDENTICAL	3	1	1	./lib/gc_async_mut/lsp/handlers/semantic_tokens.spl:10 ./lib/nogc_async_mut/lsp/handlers/semantic_tokens.spl:10 ./lib/nogc_sync_mut/lsp/handlers/semantic_tokens.spl:10
TransferStatus	IDENTICAL	3	1	1	./lib/gc_async_mut/message_transfer.spl:36 ./lib/nogc_async_mut/message_transfer.spl:36 ./lib/nogc_sync_mut/message_transfer.spl:36
TransferStrategy	IDENTICAL	3	1	1	./lib/gc_async_mut/message_transfer.spl:17 ./lib/nogc_async_mut/message_transfer.spl:17 ./lib/nogc_sync_mut/message_transfer.spl:17
ValueTag	IDENTICAL	3	1	1	./lib/gc_async_mut/message_transfer.spl:24 ./lib/nogc_async_mut/message_transfer.spl:24 ./lib/nogc_sync_mut/message_transfer.spl:24
VerificationSeverity	IDENTICAL	3	1	1	./lib/gc_async_mut/lsp/handlers/verification.spl:20 ./lib/nogc_async_mut/lsp/handlers/verification.spl:20 ./lib/nogc_sync_mut/lsp/handlers/verification.spl:20
VerificationStatus	IDENTICAL	3	1	1	./lib/gc_async_mut/lsp/handlers/verification.spl:12 ./lib/nogc_async_mut/lsp/handlers/verification.spl:12 ./lib/nogc_sync_mut/lsp/handlers/verification.spl:12
VhdlProcessKind	IDENTICAL	3	1	1	./compiler/50.mir/mir_instruction_support.spl:54 ./compiler/70.backend/backend/common/hardware_codegen.spl:13 ./compiler/70.backend/backend/hardware_codegen_types.spl:8
VirtualKey	IDENTICAL	3	2	1	./app/io/window_ffi.spl:521 ./app/io/window_sffi.spl:521 ./lib/nogc_sync_mut/io/window_sffi.spl:575
WsFrame	IDENTICAL	3	1	1	./lib/gc_async_mut/http/ws/ws_frame.spl:140 ./lib/nogc_async_mut/http/ws/ws_frame.spl:140 ./lib/nogc_sync_mut/http/ws/ws_frame.spl:140
AccelMode	IDENTICAL	2	1	1	./lib/gc_async_mut/pure/accel.spl:10 ./lib/gc_async_mut/pure/test/accel_test.spl:8
AdapterKind	IDENTICAL	2	1	1	./lib/nogc_async_mut/debug/remote/exec/lane_descriptor.spl:69 ./lib/nogc_sync_mut/debug/remote/exec/lane_descriptor.spl:69
AdviceForm	IDENTICAL	2	1	1	./compiler/10.frontend/core/aop.spl:33 ./compiler/85.mdsoc/weaving/advice_form.spl:4
AesGcmResult	IDENTICAL	2	2	1	./lib/common/crypto/aes_gcm.spl:134 ./os/crypto/aes_gcm.spl:65
AlertLevel	IDENTICAL	2	1	1	./lib/nogc_async_mut/failsafe/resource_monitor.spl:31 ./lib/nogc_sync_mut/failsafe/resource_monitor.spl:31
AnyRenderBackend3D	IDENTICAL	2	1	1	./lib/nogc_async_mut/engine/render/any_backend3d.spl:26 ./lib/nogc_sync_mut/engine/render/any_backend3d.spl:26
AsyncEffect	IDENTICAL	2	2	1	./compiler/50.mir/mir_effects.spl:16 ./compiler_rust/lib/std/src/tooling/compiler/effects_core.spl:23
BackendSessionKind	IDENTICAL	2	1	1	./lib/gc_async_mut/gpu/engine2d/backend_session.spl:24 ./lib/gc_async_mut/gpu/engine2d/engine2d_api.spl:25
BackendTarget	IDENTICAL	2	1	1	./compiler/70.backend/backend/mir_test_builder_full.spl:19 ./compiler/70.backend/mir_test_builder.spl:46
BoxKind	IDENTICAL	2	1	1	./lib/common/layout/box_model.spl:13 ./lib/common/render_scene/box_types.spl:6
BrushTip	IDENTICAL	2	1	1	./lib/nogc_async_mut/drawing/brush.spl:10 ./lib/nogc_sync_mut/drawing/brush.spl:10
BugSeverity	IDENTICAL	2	1	1	./lib/nogc_async_mut/database/bug.spl:30 ./lib/nogc_sync_mut/database/bug.spl:30
BugStatus	IDENTICAL	2	1	1	./lib/nogc_async_mut/database/bug.spl:37 ./lib/nogc_sync_mut/database/bug.spl:37
CapabilityStatus	IDENTICAL	2	1	1	./lib/nogc_async_mut/debug/remote/exec/capability_report.spl:15 ./lib/nogc_sync_mut/debug/remote/exec/capability_report.spl:15
CapsuleVisibility	IDENTICAL	2	1	1	./compiler/85.mdsoc/mdsoc/types.spl:31 ./compiler/85.mdsoc/types/capsule_visibility.spl:5
Chacha20Poly1305Result	IDENTICAL	2	2	1	./lib/common/crypto/chacha20_poly1305.spl:19 ./os/crypto/chacha20_poly1305.spl:19
CollectionMode	IDENTICAL	2	2	1	./compiler_rust/lib/std/src/tooling/dashboard/types.spl:11 ./tooling/dashboard/types.spl:11
CombineRule	IDENTICAL	2	1	1	./lib/nogc_async_mut/engine/physics/material.spl:10 ./lib/nogc_sync_mut/engine/physics/material.spl:10
CompareOp	IDENTICAL	2	1	1	./lib/nogc_async_mut/database/query.spl:23 ./lib/nogc_sync_mut/database/query.spl:23
ConcatAxis	IDENTICAL	2	1	1	./lib/nogc_async_mut/df/mod.spl:34 ./lib/nogc_sync_mut/df/mod.spl:34
ConstructKind	IDENTICAL	2	1	1	./compiler/85.mdsoc/construct_types/construct_kind.spl:4 ./compiler/85.mdsoc/mdsoc/construct_types.spl:16
ConstructTier	IDENTICAL	2	1	1	./compiler/85.mdsoc/construct_types/construct_tier.spl:4 ./compiler/85.mdsoc/mdsoc/construct_types.spl:78
ContractMode	IDENTICAL	2	1	1	./compiler/00.common/compilation_context.spl:29 ./compiler/95.interp/interpreter/contracts.spl:15
DebugFormatKind	IDENTICAL	2	1	1	./lib/nogc_async_mut/debug/formats/debug_types.spl:55 ./lib/nogc_sync_mut/debug/formats/debug_types.spl:55
DebuggerKind	IDENTICAL	2	1	1	./lib/nogc_async_mut/debug/remote/connection_matrix.spl:46 ./lib/nogc_sync_mut/debug/remote/connection_matrix.spl:46
DebugTarget	IDENTICAL	2	1	1	./lib/nogc_async_mut/debug/remote/connection_matrix.spl:9 ./lib/nogc_sync_mut/debug/remote/connection_matrix.spl:9
DeclaredVisibility	IDENTICAL	2	1	1	./compiler/90.tools/query_types.spl:47 ./compiler/90.tools/sffi_gen/specs/compiler_query.spl:50
DfError	IDENTICAL	2	1	1	./lib/nogc_async_mut/df/mod.spl:24 ./lib/nogc_sync_mut/df/mod.spl:24
DfValue	IDENTICAL	2	1	1	./lib/nogc_async_mut/df/mod.spl:44 ./lib/nogc_sync_mut/df/mod.spl:44
DiffOp	IDENTICAL	2	1	1	./compiler_rust/lib/std/src/parser/treesitter/edits/__init__.spl:94 ./compiler_rust/lib/std/src/spec/snapshot/comparison.spl:130
DispatchMode	IDENTICAL	2	1	1	./compiler_rust/lib/std/src/hir/types.spl:256 ./compiler_rust/lib/std/src/type_checker/type_inference.spl:307
DispatchStatus	IDENTICAL	2	1	1	./lib/nogc_async_mut/actor/actor.spl:115 ./lib/nogc_async_mut/actors/actor.spl:53
DrawingTool	IDENTICAL	2	1	1	./lib/nogc_async_mut/drawing/tool_app.spl:16 ./lib/nogc_sync_mut/drawing/tool_app.spl:16
DrawMode	IDENTICAL	2	1	1	./lib/nogc_async_mut/game2d/math/__init__.spl:13 ./lib/nogc_sync_mut/game2d/math/__init__.spl:13
EditorEvent	IDENTICAL	2	1	1	./lib/nogc_async_mut/editor/typed_event_bus.spl:12 ./lib/nogc_sync_mut/editor/typed_event_bus.spl:12
Endian	IDENTICAL	2	1	1	./lib/common/target.spl:260 ./lib/nogc_sync_mut/replay/types.spl:84
EngineType	IDENTICAL	2	1	1	./lib/nogc_async_mut/editor/engine_bridge.spl:13 ./lib/nogc_sync_mut/editor/engine_bridge.spl:13
FailSafeResult	IDENTICAL	2	1	1	./lib/nogc_async_mut/failsafe/core.spl:128 ./lib/nogc_sync_mut/failsafe/core.spl:128
FeatureMode	IDENTICAL	2	1	1	./lib/nogc_async_mut/database/feature.spl:30 ./lib/nogc_sync_mut/database/feature.spl:30
FeatureStatus	IDENTICAL	2	1	1	./lib/nogc_async_mut/database/feature.spl:23 ./lib/nogc_sync_mut/database/feature.spl:23
FormatType	IDENTICAL	2	2	1	./app/semihost/reader.spl:48 ./lib/nogc_async_mut_noalloc/baremetal/string_intern.spl:19
GizmoAxis3D	IDENTICAL	2	1	1	./lib/nogc_async_mut/editor/gizmo3d.spl:28 ./lib/nogc_sync_mut/editor/gizmo3d.spl:28
GizmoAxis	IDENTICAL	2	1	1	./lib/nogc_async_mut/editor/gizmo.spl:28 ./lib/nogc_sync_mut/editor/gizmo.spl:28
GizmoMode3D	IDENTICAL	2	1	1	./lib/nogc_async_mut/editor/gizmo3d.spl:12 ./lib/nogc_sync_mut/editor/gizmo3d.spl:12
GizmoMode	IDENTICAL	2	1	1	./lib/nogc_async_mut/editor/gizmo.spl:12 ./lib/nogc_sync_mut/editor/gizmo.spl:12
GpuFfiMode3D	IDENTICAL	2	1	1	./lib/nogc_sync_mut/gpu/engine3d/ffi_dispatch3d.spl:22 ./lib/nogc_sync_mut/gpu/engine3d/sffi_dispatch3d.spl:22
GpuFfiMode	IDENTICAL	2	1	1	./lib/nogc_sync_mut/gpu/engine2d/ffi_dispatch.spl:22 ./lib/nogc_sync_mut/gpu/engine2d/sffi_dispatch.spl:25
H3FrameResult	IDENTICAL	2	2	1	./lib/nogc_sync_mut/http/h3/h3_frame.spl:56 ./os/http3/h3_frame.spl:45
H3VarintResult	IDENTICAL	2	2	1	./lib/nogc_sync_mut/http/h3/h3_frame.spl:45 ./os/http3/h3_frame.spl:41
IndexType	IDENTICAL	2	1	1	./lib/nogc_async_mut/database/index.spl:45 ./lib/nogc_sync_mut/database/index.spl:45
JitBackend	IDENTICAL	2	1	1	./app/io/jit_ffi.spl:218 ./app/io/jit_sffi.spl:218
JitCompileResult	IDENTICAL	2	1	1	./app/io/jit_ffi.spl:242 ./app/io/jit_sffi.spl:242
JitInstantiationResult	IDENTICAL	2	1	1	./compiler/99.loader/jit_instantiator.spl:18 ./compiler/99.loader/loader/jit_instantiator.spl:38
JoinHow	IDENTICAL	2	1	1	./lib/nogc_async_mut/df/mod.spl:38 ./lib/nogc_sync_mut/df/mod.spl:38
KeyError	IDENTICAL	2	1	1	./compiler/30.types/const_key_validator.spl:12 ./compiler/30.types/const_keys_phase8c.spl:15
LaneStatus	IDENTICAL	2	1	1	./lib/nogc_async_mut/debug/remote/exec/lane_descriptor.spl:13 ./lib/nogc_sync_mut/debug/remote/exec/lane_descriptor.spl:13
LayerDirection	IDENTICAL	2	1	1	./compiler/85.mdsoc/mdsoc/types.spl:204 ./compiler/85.mdsoc/types/layer_direction.spl:6
LayoutPhase	IDENTICAL	2	1	1	./compiler/50.mir/mir_types.spl:17 ./compiler/80.driver/layout_recorder.spl:15
LazyError	IDENTICAL	2	1	1	./app/interpreter/lazy/lazy_val.spl:61 ./app/interpreter/lazy/lazy_val_fixed.spl:59
LazySeqNode	IDENTICAL	2	1	1	./app/interpreter/lazy/lazy_seq.spl:39 ./app/interpreter/lazy/lazy_seq_fixed.spl:37
LazyState	IDENTICAL	2	1	1	./app/interpreter/lazy/lazy_val.spl:33 ./app/interpreter/lazy/lazy_val_fixed.spl:31
LintCategory	IDENTICAL	2	2	1	./compiler/90.tools/lint/_LintMain/config_and_model.spl:673 ./lib/nogc_sync_mut/tooling/easy_fix/types.spl:13
List	IDENTICAL	2	2	1	./compiler_rust/lib/std/src/core_immut/persistent.spl:5 ./lib/common/pure/list.spl:5
LoadResult	IDENTICAL	2	1	1	./compiler/99.loader/loader/module_loader.spl:66 ./compiler/99.loader/module_loader.spl:183
MaterialType3D	IDENTICAL	2	1	1	./lib/nogc_async_mut/engine/render/material3d.spl:18 ./lib/nogc_sync_mut/engine/render/material3d.spl:18
MemoryOrdering	IDENTICAL	2	1	1	./lib/gc_async_mut/atomic.spl:19 ./lib/nogc_sync_mut/atomic.spl:19
MessagePriority	IDENTICAL	2	2	1	./app/interpreter/async_runtime/mailbox.spl:155 ./lib/nogc_async_mut/mailbox_actor.spl:9
MmapAdvice	IDENTICAL	2	1	1	./compiler_rust/lib/std/src/file/mmap.spl:190 ./compiler_rust/lib/std/src/host/common/io/fs_types.spl:173
MmapMode	IDENTICAL	2	1	1	./compiler_rust/lib/std/src/file/mmap.spl:125 ./compiler_rust/lib/std/src/host/common/io/fs_types.spl:13
MockMode	IDENTICAL	2	1	1	./compiler_rust/lib/std/src/spec/mock.spl:11 ./compiler_rust/lib/std/src/spec/registry.spl:34
NaHow	IDENTICAL	2	1	1	./lib/nogc_async_mut/df/mod.spl:30 ./lib/nogc_sync_mut/df/mod.spl:30
NogcInstr	IDENTICAL	2	2	1	./compiler/50.mir/mir_effects.spl:43 ./compiler_rust/lib/std/src/tooling/compiler/effects_core.spl:107
NumericType	IDENTICAL	2	1	1	./compiler/35.semantics/semantics/cast_rules.spl:14 ./compiler/95.interp/interpreter/operators.spl:85
PanelKind	IDENTICAL	2	1	1	./lib/nogc_async_mut/editor/panel.spl:12 ./lib/nogc_sync_mut/editor/panel.spl:12
ParticleBackend	IDENTICAL	2	1	1	./lib/nogc_async_mut/engine/render/gpu_particle.spl:53 ./lib/nogc_sync_mut/engine/render/gpu_particle.spl:53
PhysicsBackend	IDENTICAL	2	1	1	./lib/nogc_async_mut/engine/physics/backend.spl:8 ./lib/nogc_sync_mut/engine/physics/backend.spl:8
PostEffectType	IDENTICAL	2	1	1	./lib/nogc_async_mut/engine/render/post_process.spl:17 ./lib/nogc_sync_mut/engine/render/post_process.spl:17
ProofClass	IDENTICAL	2	1	1	./lib/nogc_async_mut/debug/remote/exec/lane_descriptor.spl:48 ./lib/nogc_sync_mut/debug/remote/exec/lane_descriptor.spl:48
PureServerHostTarget	IDENTICAL	2	1	1	./lib/nogc_async_mut/net/pure_server.spl:10 ./lib/nogc_sync_mut/net/pure_server.spl:12
PureServerMode	IDENTICAL	2	1	1	./lib/nogc_async_mut/net/pure_server.spl:5 ./lib/nogc_sync_mut/net/pure_server.spl:7
PureServerProtocol	IDENTICAL	2	1	1	./lib/nogc_async_mut/net/pure_server.spl:14 ./lib/nogc_sync_mut/net/pure_server.spl:16
Quantifier	IDENTICAL	2	1	1	./compiler/30.types/higher_rank_poly_phase5a.spl:78 ./compiler/30.types/higher_rank_poly_types.spl:77
RateLimitDecision	IDENTICAL	2	1	1	./lib/nogc_async_mut/failsafe/ratelimit.spl:59 ./lib/nogc_sync_mut/failsafe/ratelimit.spl:59
ReaderStatus	IDENTICAL	2	1	1	./lib/nogc_async_mut/payment/src/card/card_reader_trait.spl:3 ./lib/nogc_async_mut/payment/test/card_spec.spl:13
ReadMethod	IDENTICAL	2	1	1	./lib/nogc_async_mut/payment/src/card/card_reader_trait.spl:10 ./lib/nogc_async_mut/payment/test/card_spec.spl:20
RenderBackendKind3D	IDENTICAL	2	1	1	./lib/nogc_async_mut/engine/render/capability3d.spl:11 ./lib/nogc_sync_mut/engine/render/capability3d.spl:11
RenderCommand	IDENTICAL	2	1	1	./lib/nogc_async_mut/engine/render/command.spl:39 ./lib/nogc_sync_mut/engine/render/command.spl:39
ResultChannelKind	IDENTICAL	2	1	1	./lib/nogc_async_mut/debug/remote/exec/lane_descriptor.spl:93 ./lib/nogc_sync_mut/debug/remote/exec/lane_descriptor.spl:93
SceneEditorMode	IDENTICAL	2	1	1	./lib/nogc_async_mut/editor/mode.spl:7 ./lib/nogc_sync_mut/editor/mode.spl:7
SendResult	IDENTICAL	2	2	1	./app/interpreter/async_runtime/mailbox.spl:553 ./lib/nogc_async_mut/mailbox_actor.spl:21
SeriesErased	IDENTICAL	2	1	1	./lib/nogc_async_mut/df/mod.spl:254 ./lib/nogc_sync_mut/df/mod.spl:254
ShapeType2D	IDENTICAL	2	1	1	./lib/nogc_async_mut/engine/physics/narrowphase/shapes2d.spl:7 ./lib/nogc_sync_mut/engine/physics/narrowphase/shapes2d.spl:8
ShapeType3D	IDENTICAL	2	1	1	./lib/nogc_async_mut/engine/physics/world3d.spl:14 ./lib/nogc_sync_mut/engine/physics/world3d.spl:28
SimdPlatform	IDENTICAL	2	1	1	./compiler/30.types/simd_phase9c.spl:13 ./compiler/30.types/simd_platform.spl:10
SimdTier	IDENTICAL	2	1	1	./lib/nogc_sync_mut/simd.spl:42 ./lib/nogc_sync_mut/simd/profile.spl:9
SplitDirection	IDENTICAL	2	1	1	./lib/editor/types.spl:4 ./lib/editor/view/split_tree.spl:5
Status	IDENTICAL	2	2	1	./compiler_rust/lib/std/src/tooling/dashboard/types.spl:17 ./tooling/dashboard/types.spl:17
StepType	IDENTICAL	2	1	1	./lib/nogc_async_mut/mcp/dap/mod.spl:157 ./lib/nogc_sync_mut/mcp/dap/mod.spl:157
SymbolResult	IDENTICAL	2	1	1	./compiler/99.loader/loader/module_loader.spl:71 ./compiler/99.loader/module_loader.spl:188
TextAlign	IDENTICAL	2	1	1	./lib/nogc_async_mut/engine/render/text.spl:11 ./lib/nogc_sync_mut/engine/render/text.spl:11
TextureFormat3D	IDENTICAL	2	1	1	./lib/nogc_async_mut/engine/render/backend3d.spl:59 ./lib/nogc_sync_mut/engine/render/backend3d.spl:61
TransferType	IDENTICAL	2	2	1	./app/io/ftp_ffi.spl:68 ./lib/nogc_sync_mut/io/ftp_sffi.spl:68
TrendStatus	IDENTICAL	2	2	1	./compiler_rust/lib/std/src/tooling/dashboard/types.spl:25 ./tooling/dashboard/types.spl:25
TriggerEventType	IDENTICAL	2	1	1	./lib/nogc_async_mut/engine/physics/trigger.spl:78 ./lib/nogc_sync_mut/engine/physics/trigger.spl:78
TriggerShape	IDENTICAL	2	1	1	./lib/nogc_async_mut/engine/physics/trigger.spl:26 ./lib/nogc_sync_mut/engine/physics/trigger.spl:26
TxnState	IDENTICAL	2	1	1	./lib/nogc_async_mut/payment/src/gateway/local_gateway.spl:9 ./lib/nogc_async_mut/payment/test/local_gateway_spec.spl:13
TypeExpr	IDENTICAL	2	1	1	./lib/common/parser/ast.spl:92 ./lib/gc_async_mut/pure/ast.spl:93
VisibilitySurface	IDENTICAL	2	1	1	./compiler/90.tools/query_types.spl:41 ./compiler/90.tools/sffi_gen/specs/compiler_query.spl:44
WalEntryType	IDENTICAL	2	1	1	./lib/nogc_async_mut/database/wal.spl:6 ./lib/nogc_sync_mut/database/wal.spl:11
WebGpuCommand3DKind	IDENTICAL	2	1	1	./lib/nogc_async_mut/engine/render/webgpu_commands.spl:14 ./lib/nogc_sync_mut/engine/render/webgpu_commands.spl:14
WebhookEventType	IDENTICAL	2	1	1	./lib/nogc_async_mut/payment/src/gateway/webhook_handler.spl:14 ./lib/nogc_async_mut/payment/test/webhook_spec.spl:11
WebhookProvider	IDENTICAL	2	1	1	./lib/nogc_async_mut/payment/src/gateway/webhook_handler.spl:7 ./lib/nogc_async_mut/payment/test/webhook_spec.spl:4
X509ParseResult	IDENTICAL	2	1	1	./lib/common/cert/x509_typed.spl:46 ./lib/common/crypto/x509.spl:60
