owner-main-policy-v1	subsystem	path	sha256	verdict-kind	evidence-id	reason
compiler	test/01_unit/compiler/60.mir_opt/.spipe_wrapped_entry_general_patterns_spec.spl	24c6dfc65e38beb2dc6ac205d28dcd5634deb730baa8a192c849e42dbcdffc81	aggregate-registry-declare	std.spec.registry-v1	-
compiler	test/01_unit/compiler/backend/.sspec_wrapped_entry_sspec_system_test_spec.spl	e3364692e0c6505a9e565ad50dd3300bef258fc647eb6b9c8b49a28caddf3273	aggregate-registry-declare	std.spec.registry-v1	-
compiler	test/01_unit/compiler/custom_primitive_sffi_spec.spl	f684509106a58215ffdb00a0f1298628e4c593eff25e464623dd2523635502c7	exit-zero	main-i64-existing-20-checks	-
compiler	test/01_unit/compiler/mir/native_build_finally_stack_spec.spl	7b0c9f70116c3630d94782ae4f635b1fa9bcbd13d162792f4630688fc310486d	aggregate-registry-declare	std.spec.registry-v1	-
compiler	test/01_unit/compiler/mir/native_build_if_payload_spec.spl	a35bc0314ff88a043ee03e82040fb51e54f06dfc70e6acefe8a5d74820da658d	aggregate-registry-declare	std.spec.registry-v1	-
compiler	test/01_unit/compiler/mir/optimizer_plugin_adapter_test.spl	dd56253e9df1c2f4cf6f7b0fab244e52c151e6ca4f0d464ded37e3624d474f8e	exit-zero	main-i64-existing-failed-counter	-
compiler	test/01_unit/compiler/r1_class_in_it_test.spl	739e24e2caac88502df87e65a59c1b6356f5f9737e842ff3fa05352b46f1728a	exit-zero	main-i64-point-fields-7-11	-
compiler	test/01_unit/compiler/vhdl_riscv_gap_spec.spl	d82e8c74fec123dd23f7e7be95ab8ad370bb8a4b6483936d5d4b36644fca9005	exit-zero	main-i64-existing-20-conditions	-
compiler	test/01_unit/compiler/vhdl_subprogram_spec.spl	6c6f67fdd4e3fd91abee952d439c6a1580de7472a8719e27348dcff539cf5b44	exit-zero	main-i64-existing-20-conditions	-
compiler	test/01_unit/compiler/vhdl_testbench_spec.spl	40cd732e3ec2306f65f50f955ed298f9e0491892f09c335a8a7ed1c98a47867e	exit-zero	main-i64-existing-20-conditions	-
compiler	test/02_integration/compiler/static_polymorphism_test.spl	1662a695dae32eedd6535c1ce9aa5f789340792c9ea13d9ed77cd8c7decdb5cd	exit-zero	main-i64-zero-on-exact-dispatch	-
compiler	test/03_system/feature/compiler/bootstrap_spec.spl	de6c3290a9c23b292e76a398cb4d4003747c745f7fe00e87d384abdc74b71b99	exit-zero	main-i64-existing-9-conditions	-
complete	12
