phase	positive_path	positive_marker	mutation_path	mutation_marker	evidence_class	runtime_authority
0	test/01_unit/compiler/plugin_arch/kernel_closure_spec.spl	clean, mutation-red, and empty-tree fixtures	test/01_unit/compiler/plugin_arch/kernel_closure_spec.spl	rejects forbidden imports and empty trees	structural-contract	blocked-required
1	test/01_unit/compiler/interface_compat/compile_interface_spec.spl	field append changes provider ABI	test/01_unit/compiler/interface_compat/compile_interface_spec.spl	field type participates in the ordinal ABI encoding	structural-contract	blocked-required
2	test/01_unit/compiler/plugin_arch/param_object_lint_spec.spl	accepts an append-only parameter object	test/01_unit/compiler/plugin_arch/param_object_lint_spec.spl	reports PARAM-002 when V2 changes a V1 ordinal	structural-contract	blocked-required
3	test/01_unit/compiler/driver/smf_manifest_gate_spec.spl	admits the production writer serialize parse path	test/01_unit/compiler/driver/smf_manifest_gate_spec.spl	rejects an ABI mismatch with a named code	structural-contract	blocked-required
4	test/01_unit/compiler/lint/lint_rule_table_spec.spl	runs a registered rule	test/01_unit/compiler/lint/lint_rule_table_spec.spl	refuses a mismatched major before dispatch	structural-contract	blocked-required
5	test/01_unit/compiler/backend/backend_port_negotiate_spec.spl	negotiates every deterministic table entry	test/02_integration/bootstrap/plugin_edit_no_rebuild_spec.spl	is mutation-red when the kernel identity changes	structural-contract	blocked-required
6	test/01_unit/lib/aspect_pack/negotiate_spec.spl	accepts an older digest explicitly listed by the host	test/01_unit/lib/aspect_pack/negotiate_spec.spl	mutation-red refuses a load when digest acceptance is skipped	structural-contract	blocked-required
7	test/03_system/compiler/kernel_phase7_qualification_spec.spl	records the selected one-binary row as BLOCKED without runtime evidence	test/03_system/compiler/kernel_phase7_qualification_spec.spl	refuses a BLOCKED summary as a deployment prerequisite	structural-contract	blocked-required
8	test/03_system/app/pkg/feature/requires_range_spec.spl	runs lock and update through the production CLI	test/03_system/app/pkg/feature/requires_range_spec.spl	preserves the admitted lock when resolution or policy validation fails	structural-contract	blocked-required
