src/compiler/70.backend/backend/_CBackendTranslate/class_core.spl	src/plugins/backend_c/_CBackendTranslate/class_core.spl
src/compiler/70.backend/backend/_CBackendTranslate/export_wrappers.spl	src/plugins/backend_c/_CBackendTranslate/export_wrappers.spl
src/compiler/70.backend/backend/_CBackendTranslate/instruction_lowering.spl	src/plugins/backend_c/_CBackendTranslate/instruction_lowering.spl
src/compiler/70.backend/backend/c_backend.spl	src/plugins/backend_c/c_backend.spl
src/compiler/70.backend/backend/c_backend_bootstrap_guard.spl	src/plugins/backend_c/c_backend_bootstrap_guard.spl
src/compiler/70.backend/backend/c_backend_stubs.spl	src/plugins/backend_c/c_backend_stubs.spl
src/compiler/70.backend/backend/c_backend_translate.spl	src/plugins/backend_c/c_backend_translate.spl
src/compiler/70.backend/backend/c_backend_translate_ops.spl	src/plugins/backend_c/c_backend_translate_ops.spl
src/compiler/70.backend/backend/c_ir_builder.spl	src/plugins/backend_c/c_ir_builder.spl
src/compiler/70.backend/backend/c_type_mapper.spl	src/plugins/backend_c/c_type_mapper.spl
src/compiler/70.backend/backend/cuda/__init__.spl	src/plugins/backend_cuda/cuda/__init__.spl
src/compiler/70.backend/backend/cuda/cuda_launcher.spl	src/plugins/backend_cuda/cuda/cuda_launcher.spl
src/compiler/70.backend/backend/cuda/cuda_sffi.spl	src/plugins/backend_cuda/cuda/cuda_sffi.spl
src/compiler/70.backend/backend/cuda/mod.spl	src/plugins/backend_cuda/cuda/mod.spl
src/compiler/70.backend/backend/cuda/ptx_builder.spl	src/plugins/backend_cuda/cuda/ptx_builder.spl
src/compiler/70.backend/backend/cuda_type_mapper.spl	src/plugins/backend_cuda/cuda_type_mapper.spl
src/compiler/70.backend/backend/lean_borrow.spl	src/plugins/backend_lean/lean_borrow.spl
src/compiler/70.backend/backend/lean_ir.spl	src/plugins/backend_lean/lean_ir.spl
src/compiler/70.backend/backend/lean_mir_translate.spl	src/plugins/backend_lean/lean_mir_translate.spl
src/compiler/70.backend/backend/llvm_lib_translate.spl	src/plugins/backend_llvm_lib/llvm_lib_translate.spl
src/compiler/70.backend/backend/llvm_lib_translate_expr.spl	src/plugins/backend_llvm_lib/llvm_lib_translate_expr.spl
src/compiler/70.backend/backend/llvm_lib_type_mapper.spl	src/plugins/backend_llvm_lib/llvm_lib_type_mapper.spl
src/compiler/70.backend/backend/lua_backend.spl	src/plugins/backend_lua/lua_backend.spl
src/compiler/70.backend/backend/lua_codegen_adapter.spl	src/plugins/backend_lua/lua_codegen_adapter.spl
src/compiler/70.backend/backend/native_bridge.spl	src/plugins/backend_native/native_bridge.spl
src/compiler/70.backend/backend/native_codegen_adapter.spl	src/plugins/backend_native/native_codegen_adapter.spl
src/compiler/70.backend/backend/vhdl/vhdl_abi.spl	src/plugins/backend_vhdl/vhdl/vhdl_abi.spl
src/compiler/70.backend/backend/vhdl/vhdl_bit_semantics.spl	src/plugins/backend_vhdl/vhdl/vhdl_bit_semantics.spl
src/compiler/70.backend/backend/vhdl/vhdl_builder.spl	src/plugins/backend_vhdl/vhdl/vhdl_builder.spl
src/compiler/70.backend/backend/vhdl/vhdl_cdc_primitives.spl	src/plugins/backend_vhdl/vhdl/vhdl_cdc_primitives.spl
src/compiler/70.backend/backend/vhdl/vhdl_clock_ports.spl	src/plugins/backend_vhdl/vhdl/vhdl_clock_ports.spl
src/compiler/70.backend/backend/vhdl/vhdl_decode_memory.spl	src/plugins/backend_vhdl/vhdl/vhdl_decode_memory.spl
src/compiler/70.backend/backend/vhdl/vhdl_design_catalog.spl	src/plugins/backend_vhdl/vhdl/vhdl_design_catalog.spl
src/compiler/70.backend/backend/vhdl/vhdl_device_target.spl	src/plugins/backend_vhdl/vhdl/vhdl_device_target.spl
src/compiler/70.backend/backend/vhdl/vhdl_dsp_templates.spl	src/plugins/backend_vhdl/vhdl/vhdl_dsp_templates.spl
src/compiler/70.backend/backend/vhdl/vhdl_hardware_metadata.spl	src/plugins/backend_vhdl/vhdl/vhdl_hardware_metadata.spl
src/compiler/70.backend/backend/vhdl/vhdl_helpers.spl	src/plugins/backend_vhdl/vhdl/vhdl_helpers.spl
src/compiler/70.backend/backend/vhdl/vhdl_kernel_entity.spl	src/plugins/backend_vhdl/vhdl/vhdl_kernel_entity.spl
src/compiler/70.backend/backend/vhdl/vhdl_kernel_pipe.spl	src/plugins/backend_vhdl/vhdl/vhdl_kernel_pipe.spl
src/compiler/70.backend/backend/vhdl/vhdl_memory_templates.spl	src/plugins/backend_vhdl/vhdl/vhdl_memory_templates.spl
src/compiler/70.backend/backend/vhdl/vhdl_register_file.spl	src/plugins/backend_vhdl/vhdl/vhdl_register_file.spl
src/compiler/70.backend/backend/vhdl/vhdl_rv32i_decode.spl	src/plugins/backend_vhdl/vhdl/vhdl_rv32i_decode.spl
src/compiler/70.backend/backend/vhdl/vhdl_sim_runner.spl	src/plugins/backend_vhdl/vhdl/vhdl_sim_runner.spl
src/compiler/70.backend/backend/vhdl/vhdl_simulator.spl	src/plugins/backend_vhdl/vhdl/vhdl_simulator.spl
src/compiler/70.backend/backend/vhdl/vhdl_subprogram_diag.spl	src/plugins/backend_vhdl/vhdl/vhdl_subprogram_diag.spl
src/compiler/70.backend/backend/vhdl/vhdl_subprogram_model.spl	src/plugins/backend_vhdl/vhdl/vhdl_subprogram_model.spl
src/compiler/70.backend/backend/vhdl/vhdl_subprogram_naming.spl	src/plugins/backend_vhdl/vhdl/vhdl_subprogram_naming.spl
src/compiler/70.backend/backend/vhdl/vhdl_subprogram_select.spl	src/plugins/backend_vhdl/vhdl/vhdl_subprogram_select.spl
src/compiler/70.backend/backend/vhdl/vhdl_target_profile.spl	src/plugins/backend_vhdl/vhdl/vhdl_target_profile.spl
src/compiler/70.backend/backend/vhdl/vhdl_testbench.spl	src/plugins/backend_vhdl/vhdl/vhdl_testbench.spl
src/compiler/70.backend/backend/vhdl/vhdl_testbench_clock.spl	src/plugins/backend_vhdl/vhdl/vhdl_testbench_clock.spl
src/compiler/70.backend/backend/vhdl/vhdl_testbench_converter.spl	src/plugins/backend_vhdl/vhdl/vhdl_testbench_converter.spl
src/compiler/70.backend/backend/vhdl/vhdl_testbench_model.spl	src/plugins/backend_vhdl/vhdl/vhdl_testbench_model.spl
src/compiler/70.backend/backend/vhdl/vhdl_testbench_render.spl	src/plugins/backend_vhdl/vhdl/vhdl_testbench_render.spl
src/compiler/70.backend/backend/vhdl/vhdl_testbench_source.spl	src/plugins/backend_vhdl/vhdl/vhdl_testbench_source.spl
src/compiler/70.backend/backend/vhdl_codegen_helpers.spl	src/plugins/backend_vhdl/vhdl_codegen_helpers.spl
src/compiler/70.backend/backend/vhdl_entity_compile.spl	src/plugins/backend_vhdl/vhdl_entity_compile.spl
src/compiler/70.backend/backend/vhdl_expr.spl	src/plugins/backend_vhdl/vhdl_expr.spl
src/compiler/70.backend/backend/vhdl_type_mapper.spl	src/plugins/backend_vhdl/vhdl_type_mapper.spl
src/compiler/70.backend/backend/vhdl_validation.spl	src/plugins/backend_vhdl/vhdl_validation.spl
src/compiler/70.backend/backend/vulkan/__init__.spl	src/plugins/backend_vulkan/vulkan/__init__.spl
src/compiler/70.backend/backend/vulkan/mod.spl	src/plugins/backend_vulkan/vulkan/mod.spl
src/compiler/70.backend/backend/vulkan/spirv_builder.spl	src/plugins/backend_vulkan/vulkan/spirv_builder.spl
src/compiler/70.backend/backend/vulkan_type_mapper.spl	src/plugins/backend_vulkan/vulkan_type_mapper.spl
src/compiler/70.backend/backend/wasm/__init__.spl	src/plugins/backend_wasm/wasm/__init__.spl
src/compiler/70.backend/backend/wasm/wasm_control_flow.spl	src/plugins/backend_wasm/wasm/wasm_control_flow.spl
src/compiler/70.backend/backend/wasm/wasm_memory.spl	src/plugins/backend_wasm/wasm/wasm_memory.spl
src/compiler/70.backend/backend/wasm/wasm_runtime.spl	src/plugins/backend_wasm/wasm/wasm_runtime.spl
src/compiler/70.backend/backend/wasm/wat_codegen.spl	src/plugins/backend_wasm/wasm/wat_codegen.spl
src/compiler/70.backend/backend/wasm_backend.spl	src/plugins/backend_wasm/wasm_backend.spl
src/compiler/70.backend/backend/wasm_type_mapper.spl	src/plugins/backend_wasm/wasm_type_mapper.spl
