run_id	pair	order	workload	lane	status	exit_code	realtime_observer_elapsed_ns	resident_elapsed_ms	max_rss_kib	output_digest	generated_token_vector	generated_tokens_total	stdout_sha256	stderr_sha256	time_sha256	argv_sha256	effective_n_ctx	effective_n_batch	effective_n_ubatch	time_receipt	stdout_receipt	stderr_receipt
20260909T130630Z	1	1	cold	snapshot	PASS	0	44534100830	28	312504	34e5e94ee137397b5b842e0d42e97ee5632a593622127803fe18917cff02a1a5	2	2	a68577cdb1055dbe6b7cc7a75d4487e103832a64d7d5b77c8b1c448936be26f8	12a7e596422d4dda597e466c82866f83d5b040811068269a695716a3ffe0c713	30f40ace36481b799e246841907818cf6098336813505acf4d26e44a629d94f2	e0ce214389b294427e956149e17ddada13463eff3a3dd3ebb337a13197109f58	1024	1024	1024	build/perf/slang-kv-cache/raw/20260909T130630Z-cold-pair1-order1-snapshot.time-v	build/perf/slang-kv-cache/raw/20260909T130630Z-cold-pair1-order1-snapshot.stdout	build/perf/slang-kv-cache/raw/20260909T130630Z-cold-pair1-order1-snapshot.stderr
20260909T130630Z	1	2	cold	physical_pages	PASS	0	43838819620	29	286900	34e5e94ee137397b5b842e0d42e97ee5632a593622127803fe18917cff02a1a5	2	2	3c61958b88d1e286e1d844fa2c8be4b5324702475243c18fae5709bbac50fe24	1be9e2ec276ebb6e76e9557bf77101af5db3c973597ef74b1d34feca19930644	2807c70d844fdb8277f5afda2ab5c82d43a2d0a858918174fc6542e0bfe1b5b2	297d3fd7fec5d0c0f226f2bc219de7c526211ca525036d4d480918aba309c2f1	1024	1024	1024	build/perf/slang-kv-cache/raw/20260909T130630Z-cold-pair1-order2-physical_pages.time-v	build/perf/slang-kv-cache/raw/20260909T130630Z-cold-pair1-order2-physical_pages.stdout	build/perf/slang-kv-cache/raw/20260909T130630Z-cold-pair1-order2-physical_pages.stderr
20260909T130630Z	2	1	cold	physical_pages	PASS	0	70588278222	29	287316	34e5e94ee137397b5b842e0d42e97ee5632a593622127803fe18917cff02a1a5	2	2	3c61958b88d1e286e1d844fa2c8be4b5324702475243c18fae5709bbac50fe24	729c8198cf8761df11014694c83fa91e3d15761ce6b54a1cf0231c2db40965dc	31114d8440d3ae1f9e03bcfce7e2d5e8c9dd9e4e25564937b234aebaf491e974	297d3fd7fec5d0c0f226f2bc219de7c526211ca525036d4d480918aba309c2f1	1024	1024	1024	build/perf/slang-kv-cache/raw/20260909T130630Z-cold-pair2-order1-physical_pages.time-v	build/perf/slang-kv-cache/raw/20260909T130630Z-cold-pair2-order1-physical_pages.stdout	build/perf/slang-kv-cache/raw/20260909T130630Z-cold-pair2-order1-physical_pages.stderr
20260909T130630Z	2	2	cold	snapshot	PASS	0	53173176751	27	313052	34e5e94ee137397b5b842e0d42e97ee5632a593622127803fe18917cff02a1a5	2	2	d6d2b033fcc9e7ca3c301ac40d493b253f3d50ebe2331ad0254826bec3407dae	48f86a5252d9f9351046c0bbb69ccb3b382b468517d8c69db0b4fb18db535140	5ff0b990176dbdf94d259efa2583c813e8c9df0e3c1df7c3f03557e98624aa75	e0ce214389b294427e956149e17ddada13463eff3a3dd3ebb337a13197109f58	1024	1024	1024	build/perf/slang-kv-cache/raw/20260909T130630Z-cold-pair2-order2-snapshot.time-v	build/perf/slang-kv-cache/raw/20260909T130630Z-cold-pair2-order2-snapshot.stdout	build/perf/slang-kv-cache/raw/20260909T130630Z-cold-pair2-order2-snapshot.stderr
20260909T130630Z	3	1	cold	snapshot	PASS	0	65005166620	28	312280	34e5e94ee137397b5b842e0d42e97ee5632a593622127803fe18917cff02a1a5	2	2	a68577cdb1055dbe6b7cc7a75d4487e103832a64d7d5b77c8b1c448936be26f8	e53d09e260b21da262795983fd3789c7ef9c78426fd4a08b01df229a7f02a138	7b0796b9af3f986489a52a6db72935676560d3390e278e311786008137845729	e0ce214389b294427e956149e17ddada13463eff3a3dd3ebb337a13197109f58	1024	1024	1024	build/perf/slang-kv-cache/raw/20260909T130630Z-cold-pair3-order1-snapshot.time-v	build/perf/slang-kv-cache/raw/20260909T130630Z-cold-pair3-order1-snapshot.stdout	build/perf/slang-kv-cache/raw/20260909T130630Z-cold-pair3-order1-snapshot.stderr
20260909T130630Z	3	2	cold	physical_pages	PASS	0	44009927101	30	287160	34e5e94ee137397b5b842e0d42e97ee5632a593622127803fe18917cff02a1a5	2	2	a8f5fa661ccd2ba8177bc843efa97672eb9e02fd26a5b23d9df91e933ff7afff	e625a34ab331973193144c44ab786fb592a0d406e43012fb90746c1ab127a3f5	84e93f36b5b8ccd8dff37751f8e45a3559637ab75e60c0ad44b27755f49fef3c	297d3fd7fec5d0c0f226f2bc219de7c526211ca525036d4d480918aba309c2f1	1024	1024	1024	build/perf/slang-kv-cache/raw/20260909T130630Z-cold-pair3-order2-physical_pages.time-v	build/perf/slang-kv-cache/raw/20260909T130630Z-cold-pair3-order2-physical_pages.stdout	build/perf/slang-kv-cache/raw/20260909T130630Z-cold-pair3-order2-physical_pages.stderr
20260909T130630Z	4	1	cold	physical_pages	PASS	0	50173832411	29	285216	34e5e94ee137397b5b842e0d42e97ee5632a593622127803fe18917cff02a1a5	2	2	3c61958b88d1e286e1d844fa2c8be4b5324702475243c18fae5709bbac50fe24	f03511e5eb4a1a97ef369e48c0d00306edd0be18fd40e8f630ccc74af1b9bf2b	8bd82dacdb01a761d8d1dd7091baefe9ae723562fee0731a0ca74e336f4babf7	297d3fd7fec5d0c0f226f2bc219de7c526211ca525036d4d480918aba309c2f1	1024	1024	1024	build/perf/slang-kv-cache/raw/20260909T130630Z-cold-pair4-order1-physical_pages.time-v	build/perf/slang-kv-cache/raw/20260909T130630Z-cold-pair4-order1-physical_pages.stdout	build/perf/slang-kv-cache/raw/20260909T130630Z-cold-pair4-order1-physical_pages.stderr
20260909T130630Z	4	2	cold	snapshot	PASS	0	45604028029	28	312468	34e5e94ee137397b5b842e0d42e97ee5632a593622127803fe18917cff02a1a5	2	2	a68577cdb1055dbe6b7cc7a75d4487e103832a64d7d5b77c8b1c448936be26f8	0dc5c0ecbaa0ce7a9628697d07feb14afd1a5719d8dc34fc816d613bca74d5d6	4bb33c7d0c86f0ecf225b56d0563ef7c07d7ecbb06aeb21b50c10f360db8a535	e0ce214389b294427e956149e17ddada13463eff3a3dd3ebb337a13197109f58	1024	1024	1024	build/perf/slang-kv-cache/raw/20260909T130630Z-cold-pair4-order2-snapshot.time-v	build/perf/slang-kv-cache/raw/20260909T130630Z-cold-pair4-order2-snapshot.stdout	build/perf/slang-kv-cache/raw/20260909T130630Z-cold-pair4-order2-snapshot.stderr
20260909T130630Z	5	1	cold	snapshot	PASS	0	47583116427	27	312376	34e5e94ee137397b5b842e0d42e97ee5632a593622127803fe18917cff02a1a5	2	2	d6d2b033fcc9e7ca3c301ac40d493b253f3d50ebe2331ad0254826bec3407dae	f40865742743e141c28ed39c7a15549bf925344df710272cce6620dd9b34a19f	938347bc92d865131645acca12106e1016eb76b9db738ae0713c5c9364bebbbe	e0ce214389b294427e956149e17ddada13463eff3a3dd3ebb337a13197109f58	1024	1024	1024	build/perf/slang-kv-cache/raw/20260909T130630Z-cold-pair5-order1-snapshot.time-v	build/perf/slang-kv-cache/raw/20260909T130630Z-cold-pair5-order1-snapshot.stdout	build/perf/slang-kv-cache/raw/20260909T130630Z-cold-pair5-order1-snapshot.stderr
20260909T130630Z	5	2	cold	physical_pages	PASS	0	63882080532	29	287168	34e5e94ee137397b5b842e0d42e97ee5632a593622127803fe18917cff02a1a5	2	2	3c61958b88d1e286e1d844fa2c8be4b5324702475243c18fae5709bbac50fe24	e6a5a48d66c727be870ab74c3db582432cf4668a8661f798774dc164ee4b3dc0	6eb6c7ab3f5e5ffedecc3e0abea1d94a2f420f5e1b66a480e05f3e723daf9a6f	297d3fd7fec5d0c0f226f2bc219de7c526211ca525036d4d480918aba309c2f1	1024	1024	1024	build/perf/slang-kv-cache/raw/20260909T130630Z-cold-pair5-order2-physical_pages.time-v	build/perf/slang-kv-cache/raw/20260909T130630Z-cold-pair5-order2-physical_pages.stdout	build/perf/slang-kv-cache/raw/20260909T130630Z-cold-pair5-order2-physical_pages.stderr
20260909T130630Z	1	1	exact_repeat	snapshot	PASS	0	50661125729	39	313072	63cd3f3e0c3dfbf35bf56e010dc83cc2f96ffdc9e22994dafc5467219681dfb2	2,2	4	d65d98a9c3908393b9886362cee07cd951e3752f92d858e10a378b4e1c322087	da1031f28154d62a06326e37e0bff06f073d735d6474af35ad8eb8355355c846	63253b1ef577f00d92eddd31781f94d81ef656ee335326ebf9a200dd180754e8	1e45f0be1c952d0a83a5a072a29e765fa6adb07ebb5a4c7d9b6799342006b0a5	1024	1024	1024	build/perf/slang-kv-cache/raw/20260909T130630Z-exact_repeat-pair1-order1-snapshot.time-v	build/perf/slang-kv-cache/raw/20260909T130630Z-exact_repeat-pair1-order1-snapshot.stdout	build/perf/slang-kv-cache/raw/20260909T130630Z-exact_repeat-pair1-order1-snapshot.stderr
20260909T130630Z	1	2	exact_repeat	physical_pages	PASS	0	56712276151	42	287232	63cd3f3e0c3dfbf35bf56e010dc83cc2f96ffdc9e22994dafc5467219681dfb2	2,2	4	4e5a80ef4a87450627fcef8b6aee8df165ba43dd64d65ba9101c89fbd8e16ead	ca110b7e35ae9a6bebd8d25ffdc6916675f0fcaac54ddd50205ec0a8216c54ed	e48c939f434f1437c0246f73dbc843c94393821f1ef72c3e25abe915ef155a9e	8f72ce27c958dd534454593d0863bc98096a3ca088ab83211fa33e38a05b1fae	1024	1024	1024	build/perf/slang-kv-cache/raw/20260909T130630Z-exact_repeat-pair1-order2-physical_pages.time-v	build/perf/slang-kv-cache/raw/20260909T130630Z-exact_repeat-pair1-order2-physical_pages.stdout	build/perf/slang-kv-cache/raw/20260909T130630Z-exact_repeat-pair1-order2-physical_pages.stderr
20260909T130630Z	2	1	exact_repeat	physical_pages	PASS	0	46851941985	42	288720	63cd3f3e0c3dfbf35bf56e010dc83cc2f96ffdc9e22994dafc5467219681dfb2	2,2	4	4e5a80ef4a87450627fcef8b6aee8df165ba43dd64d65ba9101c89fbd8e16ead	af48218c810d788cebf58ba26c264f27fccda6d37d9e4e545722498b2ffabc1e	110be433e66054e22aca4e64a9807dede3f50b7039634502dadcab53968e4cea	8f72ce27c958dd534454593d0863bc98096a3ca088ab83211fa33e38a05b1fae	1024	1024	1024	build/perf/slang-kv-cache/raw/20260909T130630Z-exact_repeat-pair2-order1-physical_pages.time-v	build/perf/slang-kv-cache/raw/20260909T130630Z-exact_repeat-pair2-order1-physical_pages.stdout	build/perf/slang-kv-cache/raw/20260909T130630Z-exact_repeat-pair2-order1-physical_pages.stderr
20260909T130630Z	2	2	exact_repeat	snapshot	PASS	0	43263231252	38	312468	63cd3f3e0c3dfbf35bf56e010dc83cc2f96ffdc9e22994dafc5467219681dfb2	2,2	4	740d4b12c91db9da54c844bb9974b1f67fffe6539da2f5e16dd7ff572f6d59b8	a95fbe0bc5fab63b8587ebf613cf5fd15220db8d3650819eb37e4fb797e30863	bed29e095ad566d7c9098d6267a7a6db24529fa3024abf7e9fa8905689ac0009	1e45f0be1c952d0a83a5a072a29e765fa6adb07ebb5a4c7d9b6799342006b0a5	1024	1024	1024	build/perf/slang-kv-cache/raw/20260909T130630Z-exact_repeat-pair2-order2-snapshot.time-v	build/perf/slang-kv-cache/raw/20260909T130630Z-exact_repeat-pair2-order2-snapshot.stdout	build/perf/slang-kv-cache/raw/20260909T130630Z-exact_repeat-pair2-order2-snapshot.stderr
20260909T130630Z	3	1	exact_repeat	snapshot	PASS	0	51186686891	39	312920	63cd3f3e0c3dfbf35bf56e010dc83cc2f96ffdc9e22994dafc5467219681dfb2	2,2	4	d65d98a9c3908393b9886362cee07cd951e3752f92d858e10a378b4e1c322087	93b1201355a3f3b90cdfe18af46b2e6f58c3c6e92d2b8cd759d7b80d4c55415c	445ae5a58f80528318b36e8b7053b7b8eeeb07b4522902fa9cb38d3661982e0a	1e45f0be1c952d0a83a5a072a29e765fa6adb07ebb5a4c7d9b6799342006b0a5	1024	1024	1024	build/perf/slang-kv-cache/raw/20260909T130630Z-exact_repeat-pair3-order1-snapshot.time-v	build/perf/slang-kv-cache/raw/20260909T130630Z-exact_repeat-pair3-order1-snapshot.stdout	build/perf/slang-kv-cache/raw/20260909T130630Z-exact_repeat-pair3-order1-snapshot.stderr
20260909T130630Z	3	2	exact_repeat	physical_pages	PASS	0	56430128795	42	288700	63cd3f3e0c3dfbf35bf56e010dc83cc2f96ffdc9e22994dafc5467219681dfb2	2,2	4	4e5a80ef4a87450627fcef8b6aee8df165ba43dd64d65ba9101c89fbd8e16ead	af48218c810d788cebf58ba26c264f27fccda6d37d9e4e545722498b2ffabc1e	eb1b7c56fc574e10b84221e0bbdad431f0052ff9a8e0a07494facbfdc9703d05	8f72ce27c958dd534454593d0863bc98096a3ca088ab83211fa33e38a05b1fae	1024	1024	1024	build/perf/slang-kv-cache/raw/20260909T130630Z-exact_repeat-pair3-order2-physical_pages.time-v	build/perf/slang-kv-cache/raw/20260909T130630Z-exact_repeat-pair3-order2-physical_pages.stdout	build/perf/slang-kv-cache/raw/20260909T130630Z-exact_repeat-pair3-order2-physical_pages.stderr
20260909T130630Z	4	1	exact_repeat	physical_pages	PASS	0	50491922217	43	288832	63cd3f3e0c3dfbf35bf56e010dc83cc2f96ffdc9e22994dafc5467219681dfb2	2,2	4	29d2afc883d5afc69af6427d595ad643c053d91ff60ae9d52b5eb667aa3298b8	ea078b2254bae3d7820e94e0e15f922c56e9971304c5571217991207b313df11	7d2d8129662dd89b413919020f538745f96b4cc8908fec469d24496c842aad31	8f72ce27c958dd534454593d0863bc98096a3ca088ab83211fa33e38a05b1fae	1024	1024	1024	build/perf/slang-kv-cache/raw/20260909T130630Z-exact_repeat-pair4-order1-physical_pages.time-v	build/perf/slang-kv-cache/raw/20260909T130630Z-exact_repeat-pair4-order1-physical_pages.stdout	build/perf/slang-kv-cache/raw/20260909T130630Z-exact_repeat-pair4-order1-physical_pages.stderr
20260909T130630Z	4	2	exact_repeat	snapshot	PASS	0	43765627038	38	312524	63cd3f3e0c3dfbf35bf56e010dc83cc2f96ffdc9e22994dafc5467219681dfb2	2,2	4	740d4b12c91db9da54c844bb9974b1f67fffe6539da2f5e16dd7ff572f6d59b8	86f82807752743a878a5567b1ba33a42367e08a0761dd7d528f41e9c10df403d	0dcd43ab61b13cb0f94496454cf39b21869973ea53dbf8225a717ba0615fa7ff	1e45f0be1c952d0a83a5a072a29e765fa6adb07ebb5a4c7d9b6799342006b0a5	1024	1024	1024	build/perf/slang-kv-cache/raw/20260909T130630Z-exact_repeat-pair4-order2-snapshot.time-v	build/perf/slang-kv-cache/raw/20260909T130630Z-exact_repeat-pair4-order2-snapshot.stdout	build/perf/slang-kv-cache/raw/20260909T130630Z-exact_repeat-pair4-order2-snapshot.stderr
20260909T130630Z	5	1	exact_repeat	snapshot	PASS	0	63014638774	40	312112	63cd3f3e0c3dfbf35bf56e010dc83cc2f96ffdc9e22994dafc5467219681dfb2	2,2	4	82cc098f22ddacede5902eed9d27de0629f53f969b13606eb7082e9aad93b165	87d34f5607876dc81d191199e62d2b96fa2ba50307e4daba7ec126999a80f7ab	567107a5283ef32aa202004d0c5332ff71d91b6496b8b3789026e073a6bc146f	1e45f0be1c952d0a83a5a072a29e765fa6adb07ebb5a4c7d9b6799342006b0a5	1024	1024	1024	build/perf/slang-kv-cache/raw/20260909T130630Z-exact_repeat-pair5-order1-snapshot.time-v	build/perf/slang-kv-cache/raw/20260909T130630Z-exact_repeat-pair5-order1-snapshot.stdout	build/perf/slang-kv-cache/raw/20260909T130630Z-exact_repeat-pair5-order1-snapshot.stderr
20260909T130630Z	5	2	exact_repeat	physical_pages	PASS	0	49681660244	43	288916	63cd3f3e0c3dfbf35bf56e010dc83cc2f96ffdc9e22994dafc5467219681dfb2	2,2	4	29d2afc883d5afc69af6427d595ad643c053d91ff60ae9d52b5eb667aa3298b8	729c8198cf8761df11014694c83fa91e3d15761ce6b54a1cf0231c2db40965dc	8eed4a67f136f321cf06485628ade1a8bc03ebf0b0130010f3bf30c58da4ef3f	8f72ce27c958dd534454593d0863bc98096a3ca088ab83211fa33e38a05b1fae	1024	1024	1024	build/perf/slang-kv-cache/raw/20260909T130630Z-exact_repeat-pair5-order2-physical_pages.time-v	build/perf/slang-kv-cache/raw/20260909T130630Z-exact_repeat-pair5-order2-physical_pages.stdout	build/perf/slang-kv-cache/raw/20260909T130630Z-exact_repeat-pair5-order2-physical_pages.stderr
20260909T130630Z	1	1	prefix_extension	snapshot	PASS	0	82539632670	42	312464	fe088f9a5d36db2a2cea888124d876c21f7274552786c4bf33a81669fbc80608	2,2	4	dd5309a60c7f329d2511cd8293a14d0f57a618ac8c34cb03c27e583ca9d6eab5	b40106e6f84e878dd07fa08f2cd05bbd0614b34d6e706c1ce6502099d01b865f	b994c3ff709e183372e86ae1e0ef35e01cd9d97421cad8a2f253f96f3e22ccec	3906225f14d7771b18cee65831cb5e0977debb816112231229002fd86f9c7fd7	1024	1024	1024	build/perf/slang-kv-cache/raw/20260909T130630Z-prefix_extension-pair1-order1-snapshot.time-v	build/perf/slang-kv-cache/raw/20260909T130630Z-prefix_extension-pair1-order1-snapshot.stdout	build/perf/slang-kv-cache/raw/20260909T130630Z-prefix_extension-pair1-order1-snapshot.stderr
20260909T130630Z	1	2	prefix_extension	physical_pages	PASS	0	62999182947	60	294100	fe088f9a5d36db2a2cea888124d876c21f7274552786c4bf33a81669fbc80608	2,2	4	8aa6e0aa96289912821a241c2968b296fb577158cab3614ceefcc934ac38d874	b9bddfc23e175da699d6d648d0e598af32f6905bdb884dfc9b2f4ed0d35399dd	6793c3d339256247ebd5c30a27c12bc4d03cac71426c8466829a2cd428e1d974	fc1d89600b3a2da979a9bbd9bf55ddf0c4ba273dbd7583ff02dae599d21ade6b	1024	1024	1024	build/perf/slang-kv-cache/raw/20260909T130630Z-prefix_extension-pair1-order2-physical_pages.time-v	build/perf/slang-kv-cache/raw/20260909T130630Z-prefix_extension-pair1-order2-physical_pages.stdout	build/perf/slang-kv-cache/raw/20260909T130630Z-prefix_extension-pair1-order2-physical_pages.stderr
20260909T130630Z	2	1	prefix_extension	physical_pages	PASS	0	47273029778	61	293428	fe088f9a5d36db2a2cea888124d876c21f7274552786c4bf33a81669fbc80608	2,2	4	a27b34e8467e73b3283a3984961affd0d38ab6b199b3deeb824acd7d61b77300	729c8198cf8761df11014694c83fa91e3d15761ce6b54a1cf0231c2db40965dc	acfb4eac8f365d1ec5e6c57c5f73f62f55307e6054422d52df1cf9a5710a5e83	fc1d89600b3a2da979a9bbd9bf55ddf0c4ba273dbd7583ff02dae599d21ade6b	1024	1024	1024	build/perf/slang-kv-cache/raw/20260909T130630Z-prefix_extension-pair2-order1-physical_pages.time-v	build/perf/slang-kv-cache/raw/20260909T130630Z-prefix_extension-pair2-order1-physical_pages.stdout	build/perf/slang-kv-cache/raw/20260909T130630Z-prefix_extension-pair2-order1-physical_pages.stderr
20260909T130630Z	2	2	prefix_extension	snapshot	PASS	0	42694089502	41	312816	fe088f9a5d36db2a2cea888124d876c21f7274552786c4bf33a81669fbc80608	2,2	4	b3d8a77f51a0699952d9beabac7894caa351db2758e8172a8257538f06ed94f3	9605b5db77edf9dbe621dd050a23eaf968795487173a897e0ae0aa3fa6305978	18f6a2cbd0b8e8a786b475a936b94857a620a8ac64add40175d10aa0ed687b63	3906225f14d7771b18cee65831cb5e0977debb816112231229002fd86f9c7fd7	1024	1024	1024	build/perf/slang-kv-cache/raw/20260909T130630Z-prefix_extension-pair2-order2-snapshot.time-v	build/perf/slang-kv-cache/raw/20260909T130630Z-prefix_extension-pair2-order2-snapshot.stdout	build/perf/slang-kv-cache/raw/20260909T130630Z-prefix_extension-pair2-order2-snapshot.stderr
20260909T130630Z	3	1	prefix_extension	snapshot	PASS	0	81436365486	41	311976	fe088f9a5d36db2a2cea888124d876c21f7274552786c4bf33a81669fbc80608	2,2	4	b3d8a77f51a0699952d9beabac7894caa351db2758e8172a8257538f06ed94f3	cc809689649c9ae3f246b20dc58b8a4eaf48a20288a883cc73a62a38cd596505	08eee6cbef53da3c5d7267c495c73cf53f5ff7fa0f2fdb90406d6e87e68c9526	3906225f14d7771b18cee65831cb5e0977debb816112231229002fd86f9c7fd7	1024	1024	1024	build/perf/slang-kv-cache/raw/20260909T130630Z-prefix_extension-pair3-order1-snapshot.time-v	build/perf/slang-kv-cache/raw/20260909T130630Z-prefix_extension-pair3-order1-snapshot.stdout	build/perf/slang-kv-cache/raw/20260909T130630Z-prefix_extension-pair3-order1-snapshot.stderr
20260909T130630Z	3	2	prefix_extension	physical_pages	PASS	0	55826179664	62	293096	fe088f9a5d36db2a2cea888124d876c21f7274552786c4bf33a81669fbc80608	2,2	4	d20f5fceeb9d94dc3c46204b082adc1dea2b18868f8edfff48eb8050d45d2856	89f1245af9e504411cd42e3c2f32d560ed6f7d64ff040cee0690d3fe46bf78e4	cbd421b3ca18f36518937dea9e252e986e193a8730834ac5aa49e12ab8546e59	fc1d89600b3a2da979a9bbd9bf55ddf0c4ba273dbd7583ff02dae599d21ade6b	1024	1024	1024	build/perf/slang-kv-cache/raw/20260909T130630Z-prefix_extension-pair3-order2-physical_pages.time-v	build/perf/slang-kv-cache/raw/20260909T130630Z-prefix_extension-pair3-order2-physical_pages.stdout	build/perf/slang-kv-cache/raw/20260909T130630Z-prefix_extension-pair3-order2-physical_pages.stderr
20260909T130630Z	4	1	prefix_extension	physical_pages	PASS	0	82284745441	61	293972	fe088f9a5d36db2a2cea888124d876c21f7274552786c4bf33a81669fbc80608	2,2	4	a27b34e8467e73b3283a3984961affd0d38ab6b199b3deeb824acd7d61b77300	f03511e5eb4a1a97ef369e48c0d00306edd0be18fd40e8f630ccc74af1b9bf2b	f6b23db0df655b22cdddb0fbdbb82a08f2e6de1ec338a46fbcf3f06d10f4dbff	fc1d89600b3a2da979a9bbd9bf55ddf0c4ba273dbd7583ff02dae599d21ade6b	1024	1024	1024	build/perf/slang-kv-cache/raw/20260909T130630Z-prefix_extension-pair4-order1-physical_pages.time-v	build/perf/slang-kv-cache/raw/20260909T130630Z-prefix_extension-pair4-order1-physical_pages.stdout	build/perf/slang-kv-cache/raw/20260909T130630Z-prefix_extension-pair4-order1-physical_pages.stderr
20260909T130630Z	4	2	prefix_extension	snapshot	PASS	0	42549080188	41	312384	fe088f9a5d36db2a2cea888124d876c21f7274552786c4bf33a81669fbc80608	2,2	4	b3d8a77f51a0699952d9beabac7894caa351db2758e8172a8257538f06ed94f3	317b276b94463479875dfedb645da73880857d0c212238d08923f9dc9d6d66bb	64e0460bd24818c2a0bcfa0da62cd631f56bbf547cff6475cdc372e6db32ec7c	3906225f14d7771b18cee65831cb5e0977debb816112231229002fd86f9c7fd7	1024	1024	1024	build/perf/slang-kv-cache/raw/20260909T130630Z-prefix_extension-pair4-order2-snapshot.time-v	build/perf/slang-kv-cache/raw/20260909T130630Z-prefix_extension-pair4-order2-snapshot.stdout	build/perf/slang-kv-cache/raw/20260909T130630Z-prefix_extension-pair4-order2-snapshot.stderr
20260909T130630Z	5	1	prefix_extension	snapshot	PASS	0	82680536223	43	312780	fe088f9a5d36db2a2cea888124d876c21f7274552786c4bf33a81669fbc80608	2,2	4	69e6a191eccffbb11a16e7e05b0b42f43911a7fcf1904f1d2035341334dc82d2	83411f040746b9be7aa5a6426532b6ab4232d4ecae62382eff49a93a58bf6d7b	4329061d09e62ba3ff60aed5a49f3f2eba87d4ee77700420e23c42ee29937645	3906225f14d7771b18cee65831cb5e0977debb816112231229002fd86f9c7fd7	1024	1024	1024	build/perf/slang-kv-cache/raw/20260909T130630Z-prefix_extension-pair5-order1-snapshot.time-v	build/perf/slang-kv-cache/raw/20260909T130630Z-prefix_extension-pair5-order1-snapshot.stdout	build/perf/slang-kv-cache/raw/20260909T130630Z-prefix_extension-pair5-order1-snapshot.stderr
20260909T130630Z	5	2	prefix_extension	physical_pages	PASS	0	82992852409	61	293836	fe088f9a5d36db2a2cea888124d876c21f7274552786c4bf33a81669fbc80608	2,2	4	a27b34e8467e73b3283a3984961affd0d38ab6b199b3deeb824acd7d61b77300	af48218c810d788cebf58ba26c264f27fccda6d37d9e4e545722498b2ffabc1e	a1078a8e736ce3257fcc163f5c61eafdfb49e1a5ae2f65601abd05131a093598	fc1d89600b3a2da979a9bbd9bf55ddf0c4ba273dbd7583ff02dae599d21ade6b	1024	1024	1024	build/perf/slang-kv-cache/raw/20260909T130630Z-prefix_extension-pair5-order2-physical_pages.time-v	build/perf/slang-kv-cache/raw/20260909T130630Z-prefix_extension-pair5-order2-physical_pages.stdout	build/perf/slang-kv-cache/raw/20260909T130630Z-prefix_extension-pair5-order2-physical_pages.stderr
20260909T130630Z	1	1	alternating_prefix	snapshot	PASS	0	82709904447	74	312528	74bea472ce3ab7b5ad836d4c43f00820a2b42f06bdbdd0f6d301fc123c31acef	2,2,2,2	8	a1680626181609a634c7fe8e02beda33a578ab3f099a2723587df63d70cf6726	fd23577dd374e21dd48920f07c2597753309c4d5623c871cce69fbc1ed885ff1	9f3321e82fa1205f4051bf246c8ba72b99f5f4af8d8f7b59b8d4547e1942849e	ddcb5e70cc1b2c71eacff134964b0b0436f4eacbfea775480161aef9ad770e85	1024	1024	1024	build/perf/slang-kv-cache/raw/20260909T130630Z-alternating_prefix-pair1-order1-snapshot.time-v	build/perf/slang-kv-cache/raw/20260909T130630Z-alternating_prefix-pair1-order1-snapshot.stdout	build/perf/slang-kv-cache/raw/20260909T130630Z-alternating_prefix-pair1-order1-snapshot.stderr
20260909T130630Z	1	2	alternating_prefix	physical_pages	PASS	0	82328003399	103	299332	74bea472ce3ab7b5ad836d4c43f00820a2b42f06bdbdd0f6d301fc123c31acef	2,2,2,2	8	164038de681c0534449ba96356b934127bc80d8b9118992146dc927fa92f5191	3fd223b264686973cb3ed0cc23137ef8aca1fb2e17cf8ca0dd958c21f9a2b6ae	20737a2aff9a6a948841a02d0afc2e87fec60607cdf82b5be1743c350acccabb	ab1d2817add7f8b92f237743ba7c078015f6e5b5cd57f86263827b1870e0ce9d	1024	1024	1024	build/perf/slang-kv-cache/raw/20260909T130630Z-alternating_prefix-pair1-order2-physical_pages.time-v	build/perf/slang-kv-cache/raw/20260909T130630Z-alternating_prefix-pair1-order2-physical_pages.stdout	build/perf/slang-kv-cache/raw/20260909T130630Z-alternating_prefix-pair1-order2-physical_pages.stderr
20260909T130630Z	2	1	alternating_prefix	physical_pages	PASS	0	82303612447	103	298468	74bea472ce3ab7b5ad836d4c43f00820a2b42f06bdbdd0f6d301fc123c31acef	2,2,2,2	8	164038de681c0534449ba96356b934127bc80d8b9118992146dc927fa92f5191	3fd223b264686973cb3ed0cc23137ef8aca1fb2e17cf8ca0dd958c21f9a2b6ae	f480fb248da159009bb811556a8c8fcc75f196cab39d72ea996368ec92f722eb	ab1d2817add7f8b92f237743ba7c078015f6e5b5cd57f86263827b1870e0ce9d	1024	1024	1024	build/perf/slang-kv-cache/raw/20260909T130630Z-alternating_prefix-pair2-order1-physical_pages.time-v	build/perf/slang-kv-cache/raw/20260909T130630Z-alternating_prefix-pair2-order1-physical_pages.stdout	build/perf/slang-kv-cache/raw/20260909T130630Z-alternating_prefix-pair2-order1-physical_pages.stderr
20260909T130630Z	2	2	alternating_prefix	snapshot	PASS	0	43394029265	74	312800	74bea472ce3ab7b5ad836d4c43f00820a2b42f06bdbdd0f6d301fc123c31acef	2,2,2,2	8	a1680626181609a634c7fe8e02beda33a578ab3f099a2723587df63d70cf6726	77c20e1f7f30e2969ae63bdd292c8e33b71c5fcb6bb2a6b2d22ccb824ae0ed58	b884100a51c1137d73c6ad59b54fb6883a5cd8a54d453d5c7e20fb6f3deeb861	ddcb5e70cc1b2c71eacff134964b0b0436f4eacbfea775480161aef9ad770e85	1024	1024	1024	build/perf/slang-kv-cache/raw/20260909T130630Z-alternating_prefix-pair2-order2-snapshot.time-v	build/perf/slang-kv-cache/raw/20260909T130630Z-alternating_prefix-pair2-order2-snapshot.stdout	build/perf/slang-kv-cache/raw/20260909T130630Z-alternating_prefix-pair2-order2-snapshot.stderr
20260909T130630Z	3	1	alternating_prefix	snapshot	PASS	0	47266194151	75	313100	74bea472ce3ab7b5ad836d4c43f00820a2b42f06bdbdd0f6d301fc123c31acef	2,2,2,2	8	80936bfb9eb889cf1eaa5aa0f9c83e1be5b5292a22b00518fff3aaaf67f349ce	25a362eb8358e50a21221fdf86eade97570ed748dc07d83b1017a767448c6ce4	93c5d77c6be9a734d34f25080ea83ab4678a77ff2f41c73fe9b63b38d8bd6a38	ddcb5e70cc1b2c71eacff134964b0b0436f4eacbfea775480161aef9ad770e85	1024	1024	1024	build/perf/slang-kv-cache/raw/20260909T130630Z-alternating_prefix-pair3-order1-snapshot.time-v	build/perf/slang-kv-cache/raw/20260909T130630Z-alternating_prefix-pair3-order1-snapshot.stdout	build/perf/slang-kv-cache/raw/20260909T130630Z-alternating_prefix-pair3-order1-snapshot.stderr
20260909T130630Z	3	2	alternating_prefix	physical_pages	PASS	0	82570165647	103	299276	74bea472ce3ab7b5ad836d4c43f00820a2b42f06bdbdd0f6d301fc123c31acef	2,2,2,2	8	164038de681c0534449ba96356b934127bc80d8b9118992146dc927fa92f5191	f03511e5eb4a1a97ef369e48c0d00306edd0be18fd40e8f630ccc74af1b9bf2b	397204ec0a10537fabd89f55960a84d400b7d61420857fbdd28081de1be99f3a	ab1d2817add7f8b92f237743ba7c078015f6e5b5cd57f86263827b1870e0ce9d	1024	1024	1024	build/perf/slang-kv-cache/raw/20260909T130630Z-alternating_prefix-pair3-order2-physical_pages.time-v	build/perf/slang-kv-cache/raw/20260909T130630Z-alternating_prefix-pair3-order2-physical_pages.stdout	build/perf/slang-kv-cache/raw/20260909T130630Z-alternating_prefix-pair3-order2-physical_pages.stderr
20260909T130630Z	4	1	alternating_prefix	physical_pages	PASS	0	82585539562	104	298716	74bea472ce3ab7b5ad836d4c43f00820a2b42f06bdbdd0f6d301fc123c31acef	2,2,2,2	8	e4909c7682bf64867721ed431990655dce3137d5e254b147cb0bcb0099f084f7	af48218c810d788cebf58ba26c264f27fccda6d37d9e4e545722498b2ffabc1e	fd8151021546390cbf191b009ae6f5845b6ebc13a8902e6d2e3e9fe073e77edf	ab1d2817add7f8b92f237743ba7c078015f6e5b5cd57f86263827b1870e0ce9d	1024	1024	1024	build/perf/slang-kv-cache/raw/20260909T130630Z-alternating_prefix-pair4-order1-physical_pages.time-v	build/perf/slang-kv-cache/raw/20260909T130630Z-alternating_prefix-pair4-order1-physical_pages.stdout	build/perf/slang-kv-cache/raw/20260909T130630Z-alternating_prefix-pair4-order1-physical_pages.stderr
20260909T130630Z	4	2	alternating_prefix	snapshot	PASS	0	82818391909	74	312768	74bea472ce3ab7b5ad836d4c43f00820a2b42f06bdbdd0f6d301fc123c31acef	2,2,2,2	8	a1680626181609a634c7fe8e02beda33a578ab3f099a2723587df63d70cf6726	258eb7ee991aa471efb107177ab7d889fe4af01230adb9153688427ddb72032b	4cd754d611cc55e4da2b8233bfeea1a341152f731deb4f1e3d7741e89c320f78	ddcb5e70cc1b2c71eacff134964b0b0436f4eacbfea775480161aef9ad770e85	1024	1024	1024	build/perf/slang-kv-cache/raw/20260909T130630Z-alternating_prefix-pair4-order2-snapshot.time-v	build/perf/slang-kv-cache/raw/20260909T130630Z-alternating_prefix-pair4-order2-snapshot.stdout	build/perf/slang-kv-cache/raw/20260909T130630Z-alternating_prefix-pair4-order2-snapshot.stderr
20260909T130630Z	5	1	alternating_prefix	snapshot	PASS	0	82724094457	73	312640	74bea472ce3ab7b5ad836d4c43f00820a2b42f06bdbdd0f6d301fc123c31acef	2,2,2,2	8	5b074c13033bc580ae8875848d22ed5d9fb7f3343ab2d85e98218ccefc2beed0	a155d317a8f44621c83a1d71c744deda0dc68994f276eea827e2414eb49531dc	d8b2e229ecd7d08351c8ecaa9cf595d7fc7ce59665b039234cd0fd3eb4f65da4	ddcb5e70cc1b2c71eacff134964b0b0436f4eacbfea775480161aef9ad770e85	1024	1024	1024	build/perf/slang-kv-cache/raw/20260909T130630Z-alternating_prefix-pair5-order1-snapshot.time-v	build/perf/slang-kv-cache/raw/20260909T130630Z-alternating_prefix-pair5-order1-snapshot.stdout	build/perf/slang-kv-cache/raw/20260909T130630Z-alternating_prefix-pair5-order1-snapshot.stderr
20260909T130630Z	5	2	alternating_prefix	physical_pages	PASS	0	72824868048	104	298524	74bea472ce3ab7b5ad836d4c43f00820a2b42f06bdbdd0f6d301fc123c31acef	2,2,2,2	8	e4909c7682bf64867721ed431990655dce3137d5e254b147cb0bcb0099f084f7	b9bddfc23e175da699d6d648d0e598af32f6905bdb884dfc9b2f4ed0d35399dd	109f76526a5c1f1f2b76a942c4b4d2c49899654d8b0eb4e7308ff671a7d729bb	ab1d2817add7f8b92f237743ba7c078015f6e5b5cd57f86263827b1870e0ce9d	1024	1024	1024	build/perf/slang-kv-cache/raw/20260909T130630Z-alternating_prefix-pair5-order2-physical_pages.time-v	build/perf/slang-kv-cache/raw/20260909T130630Z-alternating_prefix-pair5-order2-physical_pages.stdout	build/perf/slang-kv-cache/raw/20260909T130630Z-alternating_prefix-pair5-order2-physical_pages.stderr
20260909T130630Z	1	1	eviction_pressure	snapshot	PASS	0	54403373414	182	313440	c3f61188888efdb7fb1740566e227f113231b2e80aec473f80000d0dd4275544	2,2,2,2,2,2,2	14	d729f3881d612ea8dd875a37e78e6e6743d4474c399d2aeac60aff2354d9cd55	537810ace23f52385f9a2a470fe2b0d9c7993877dc98d9a57783c97fad6cdfd1	e0cf16a692007bf2b8f564bec4ad277d5bfb1a6011dd1f9d478a599f1c7dd22b	e899c1441f5642fda78b7e799fdc18736dacc22f30a289c96e5fc8a8fd403f30	1024	1024	1024	build/perf/slang-kv-cache/raw/20260909T130630Z-eviction_pressure-pair1-order1-snapshot.time-v	build/perf/slang-kv-cache/raw/20260909T130630Z-eviction_pressure-pair1-order1-snapshot.stdout	build/perf/slang-kv-cache/raw/20260909T130630Z-eviction_pressure-pair1-order1-snapshot.stderr
20260909T130630Z	1	2	eviction_pressure	physical_pages	PASS	0	56034077003	225	296800	c3f61188888efdb7fb1740566e227f113231b2e80aec473f80000d0dd4275544	2,2,2,2,2,2,2	14	af4582702cbad1e3d975bbf5e4cf576c62ab3b59ed867aba201a072c02346fba	b9bddfc23e175da699d6d648d0e598af32f6905bdb884dfc9b2f4ed0d35399dd	de4b38217297d0e3c94479e9ee0a92fb59eb89dbf58e3e59cf3c56019852d208	6acd424acad375a6942edc30f6e82a66550a2fa1a824a5bbfc5a5205769e7579	1024	1024	1024	build/perf/slang-kv-cache/raw/20260909T130630Z-eviction_pressure-pair1-order2-physical_pages.time-v	build/perf/slang-kv-cache/raw/20260909T130630Z-eviction_pressure-pair1-order2-physical_pages.stdout	build/perf/slang-kv-cache/raw/20260909T130630Z-eviction_pressure-pair1-order2-physical_pages.stderr
20260909T130630Z	2	1	eviction_pressure	physical_pages	PASS	0	82211413687	227	296392	c3f61188888efdb7fb1740566e227f113231b2e80aec473f80000d0dd4275544	2,2,2,2,2,2,2	14	587eb673e4d851590195f6ffb37a314c33942e16604f8dbf527a597f438c4c45	3fd223b264686973cb3ed0cc23137ef8aca1fb2e17cf8ca0dd958c21f9a2b6ae	2b5bc7a95bb6e4a7e827f9d3de287acebab563b14be52bc0930be55d3eca552c	6acd424acad375a6942edc30f6e82a66550a2fa1a824a5bbfc5a5205769e7579	1024	1024	1024	build/perf/slang-kv-cache/raw/20260909T130630Z-eviction_pressure-pair2-order1-physical_pages.time-v	build/perf/slang-kv-cache/raw/20260909T130630Z-eviction_pressure-pair2-order1-physical_pages.stdout	build/perf/slang-kv-cache/raw/20260909T130630Z-eviction_pressure-pair2-order1-physical_pages.stderr
20260909T130630Z	2	2	eviction_pressure	snapshot	PASS	0	64272882027	184	313460	c3f61188888efdb7fb1740566e227f113231b2e80aec473f80000d0dd4275544	2,2,2,2,2,2,2	14	b2eeaa83a5c50e09ac84992bc313b97434efbcc641248f2aaadd554936445bb5	ce921afa503e8704e0f2ebb86c12a110de0622103b33db02c90d10243771d032	42878ea9c6e04596315e5665d81dd20b261f3987df4a5f3b079375c2f143ab4d	e899c1441f5642fda78b7e799fdc18736dacc22f30a289c96e5fc8a8fd403f30	1024	1024	1024	build/perf/slang-kv-cache/raw/20260909T130630Z-eviction_pressure-pair2-order2-snapshot.time-v	build/perf/slang-kv-cache/raw/20260909T130630Z-eviction_pressure-pair2-order2-snapshot.stdout	build/perf/slang-kv-cache/raw/20260909T130630Z-eviction_pressure-pair2-order2-snapshot.stderr
20260909T130630Z	3	1	eviction_pressure	snapshot	PASS	0	71165596270	184	312624	c3f61188888efdb7fb1740566e227f113231b2e80aec473f80000d0dd4275544	2,2,2,2,2,2,2	14	b2eeaa83a5c50e09ac84992bc313b97434efbcc641248f2aaadd554936445bb5	8f98b90f9752922bb3fd52a444372fe3486335b36b374ceef51d111aa1dae96d	af408110668b94a90fd88195dbed2b19ae809bc425af7dcc9fc604b1e6ec7752	e899c1441f5642fda78b7e799fdc18736dacc22f30a289c96e5fc8a8fd403f30	1024	1024	1024	build/perf/slang-kv-cache/raw/20260909T130630Z-eviction_pressure-pair3-order1-snapshot.time-v	build/perf/slang-kv-cache/raw/20260909T130630Z-eviction_pressure-pair3-order1-snapshot.stdout	build/perf/slang-kv-cache/raw/20260909T130630Z-eviction_pressure-pair3-order1-snapshot.stderr
20260909T130630Z	3	2	eviction_pressure	physical_pages	PASS	0	56794864268	226	295524	c3f61188888efdb7fb1740566e227f113231b2e80aec473f80000d0dd4275544	2,2,2,2,2,2,2	14	78e12e830e754631b1e6148e8571d3c23878f902a67915dfd3a6659046735239	729c8198cf8761df11014694c83fa91e3d15761ce6b54a1cf0231c2db40965dc	6b8bcc7a7854029a16cfe404683b2fa297094fe2c0fdb7f26bfe371728e5234d	6acd424acad375a6942edc30f6e82a66550a2fa1a824a5bbfc5a5205769e7579	1024	1024	1024	build/perf/slang-kv-cache/raw/20260909T130630Z-eviction_pressure-pair3-order2-physical_pages.time-v	build/perf/slang-kv-cache/raw/20260909T130630Z-eviction_pressure-pair3-order2-physical_pages.stdout	build/perf/slang-kv-cache/raw/20260909T130630Z-eviction_pressure-pair3-order2-physical_pages.stderr
20260909T130630Z	4	1	eviction_pressure	physical_pages	PASS	0	45384176484	226	295264	c3f61188888efdb7fb1740566e227f113231b2e80aec473f80000d0dd4275544	2,2,2,2,2,2,2	14	78e12e830e754631b1e6148e8571d3c23878f902a67915dfd3a6659046735239	e625a34ab331973193144c44ab786fb592a0d406e43012fb90746c1ab127a3f5	daa60584c321ba0abacc60596bb5563b045b9ccc150d4e5eaa9358d59703860a	6acd424acad375a6942edc30f6e82a66550a2fa1a824a5bbfc5a5205769e7579	1024	1024	1024	build/perf/slang-kv-cache/raw/20260909T130630Z-eviction_pressure-pair4-order1-physical_pages.time-v	build/perf/slang-kv-cache/raw/20260909T130630Z-eviction_pressure-pair4-order1-physical_pages.stdout	build/perf/slang-kv-cache/raw/20260909T130630Z-eviction_pressure-pair4-order1-physical_pages.stderr
20260909T130630Z	4	2	eviction_pressure	snapshot	PASS	0	82658777141	185	313720	c3f61188888efdb7fb1740566e227f113231b2e80aec473f80000d0dd4275544	2,2,2,2,2,2,2	14	fe2f969c453b5d6ec47b5ea3763638fd4329aaa27521d3d56fd6d817a956a3b4	e5404d2add44a0437d0badbe9118048851934ebd3d5a1b932aa8fdfb5d1f6358	7595de526a97168598d11111c9818e8e05748b610366b3128d5bc666d901d69b	e899c1441f5642fda78b7e799fdc18736dacc22f30a289c96e5fc8a8fd403f30	1024	1024	1024	build/perf/slang-kv-cache/raw/20260909T130630Z-eviction_pressure-pair4-order2-snapshot.time-v	build/perf/slang-kv-cache/raw/20260909T130630Z-eviction_pressure-pair4-order2-snapshot.stdout	build/perf/slang-kv-cache/raw/20260909T130630Z-eviction_pressure-pair4-order2-snapshot.stderr
20260909T130630Z	5	1	eviction_pressure	snapshot	PASS	0	71618410547	182	312892	c3f61188888efdb7fb1740566e227f113231b2e80aec473f80000d0dd4275544	2,2,2,2,2,2,2	14	d729f3881d612ea8dd875a37e78e6e6743d4474c399d2aeac60aff2354d9cd55	ac1628fa3cc666f6f53fa200616b0d76d3d75061e0c6106cb6af6bab7dc4d026	cc78aacbc4573756fb53cecbba00b553cf7255d4295e5522b50a0bd3efda036c	e899c1441f5642fda78b7e799fdc18736dacc22f30a289c96e5fc8a8fd403f30	1024	1024	1024	build/perf/slang-kv-cache/raw/20260909T130630Z-eviction_pressure-pair5-order1-snapshot.time-v	build/perf/slang-kv-cache/raw/20260909T130630Z-eviction_pressure-pair5-order1-snapshot.stdout	build/perf/slang-kv-cache/raw/20260909T130630Z-eviction_pressure-pair5-order1-snapshot.stderr
20260909T130630Z	5	2	eviction_pressure	physical_pages	PASS	0	82731002588	225	296672	c3f61188888efdb7fb1740566e227f113231b2e80aec473f80000d0dd4275544	2,2,2,2,2,2,2	14	af4582702cbad1e3d975bbf5e4cf576c62ab3b59ed867aba201a072c02346fba	8dfffcbc3d2e7f799e8388590ae740acb85eb862212c15c9618d9b95264f9b7c	8c7c2fcdfc2d4b087ad449bc0c1a77e60bffa4bc3f387731173d0c781409ee54	6acd424acad375a6942edc30f6e82a66550a2fa1a824a5bbfc5a5205769e7579	1024	1024	1024	build/perf/slang-kv-cache/raw/20260909T130630Z-eviction_pressure-pair5-order2-physical_pages.time-v	build/perf/slang-kv-cache/raw/20260909T130630Z-eviction_pressure-pair5-order2-physical_pages.stdout	build/perf/slang-kv-cache/raw/20260909T130630Z-eviction_pressure-pair5-order2-physical_pages.stderr
