900	124	test/01_unit/app/office/sheets/access_controller_spec.spl
900	124	test/01_unit/compiler/50.mir/hwir_zca_target_trap_exhaustive_oracle_spec.spl
900	124	test/01_unit/app/stats/doc_integration_spec.spl
900	124	test/01_unit/compiler/driver_provider_v1_spec.spl
900	124	test/01_unit/lib/common/js_timer_drain_limit_spec.spl
900	124	test/01_unit/lib/common/crypto/pbkdf2_native_perf_spec.spl
900	124	test/01_unit/lib/common/completed_animation_handle_capacity_spec.spl
900	124	test/01_unit/compiler/parser_comparison_chain_not_generic_args_spec.spl
3	1	test/01_unit/lib/common/text_layout/.spipe_cov_2280333_1787707528425676_font_renderer_spec.spl
726	0	test/01_unit/lib/common/web/browser_session_fetch_wasm_chain_spec.spl
900	124	test/01_unit/lib/common/text_layout/font_renderer_spec.spl
900	124	test/01_unit/lib/common/search/unicode_17_0_0_spec.spl
900	124	test/01_unit/lib/common/web/browser_session_storage_spec.spl
900	124	test/01_unit/lib/crypto/ed448_rfc8032_kat_spec.spl
900	124	test/01_unit/lib/crypto/ecc_p384_p521_kat_spec.spl
900	124	test/01_unit/lib/common/web/browser_session_security_boundary_spec.spl
354	0	test/01_unit/lib/crypto/ml_dsa_65_spec.spl
510	0	test/01_unit/lib/crypto/ml_dsa_87_kat_spec.spl
860	0	test/01_unit/lib/crypto/slh_dsa_128s_spec.spl
900	124	test/01_unit/lib/crypto/rsa_pss_sha256_roundtrip_slow_spec.spl
13	5	test/01_unit/lib/nogc_sync_mut/concurrent/with_lock_guard_spec.spl
520	1	test/01_unit/lib/gc_async_mut/gpu/browser_engine/simple_web_renderer_spec.spl
900	124	test/01_unit/lib/crypto/slh_dsa_192s_256s_spec.spl
900	124	test/01_unit/lib/fs_driver/fat32_format_spec.spl
16	5	test/01_unit/os/arm64_desktop_arch_facade_spec.spl
394	1	test/01_unit/os/compositor/simple_web_window_renderer_spec.spl
900	124	test/01_unit/os/apps/sshd/ssh_kex_rsa_contract_spec.spl
900	124	test/01_unit/os/crypto/bip39_kat_spec.spl
7	5	test/01_unit/os/drivers/audio/hda_controller_spec.spl
381	0	test/01_unit/os/crypto/p384_spec.spl
900	124	test/01_unit/os/crypto/scram_sha256_rfc5802_spec.spl
900	124	test/01_unit/os/crypto/scram_sha512_spec.spl
2	1	test/01_unit/os/kernel/memory/.spipe_wrapped_entry_vmm_copyin_spec.spl
6	5	test/01_unit/os/drivers/input/virtio_input_mmio_contract_spec.spl
7	5	test/01_unit/os/drivers/framebuffer/fb_driver_spec.spl
9	5	test/01_unit/os/kernel/boot/mmio_test_backend_spec.spl
7	5	test/01_unit/os/services/audio/virtio_snd_service_contract_spec.spl
11	5	test/01_unit/os/kernel/timer_test.spl
409	0	test/01_unit/os/tls13/p256_ecdhe_handshake_secret_spec.spl
900	124	test/01_unit/os/qemu_systest_contract_spec.spl
900	124	test/01_unit/os/tools/shell/text_tool_artifact_contract_spec.spl
900	124	test/01_unit/os/vulkan/spirv_khronos_validation_spec.spl
SWEEP_DONE
