sample|simple|0|0.829078|1076
sample|python|0|11.415772|9288
sample|python|1|18.011761|9288
sample|simple|1|0.964199|1076
sample|simple|2|0.935400|1076
sample|python|2|19.169435|9276
sample|python|3|11.790831|9284
sample|simple|3|0.654581|1072
sample|simple|4|0.533412|1076
sample|python|4|13.112042|9440
sample|python|5|10.552998|9440
sample|simple|5|0.994680|1076
sample|simple|6|0.621637|1076
sample|python|6|11.731343|9276
sample|python|7|13.239787|9288
sample|simple|7|0.647461|932
sample|simple|8|0.938968|1076
sample|python|8|17.551246|9288
sample|python|9|17.057626|9288
sample|simple|9|0.871975|1076
sample|simple|10|0.535012|1076
sample|python|10|17.374365|9288
sample|python|11|16.711863|9288
sample|simple|11|1.755870|1076
sample|simple|12|1.248234|1076
sample|python|12|20.892632|9488
sample|python|13|17.571663|9440
sample|simple|13|1.085288|1076
sample|simple|14|0.838135|1076
sample|python|14|17.251788|9288
sample|python|15|17.226267|9440
sample|simple|15|0.852711|1076
sample|simple|16|0.824583|1076
sample|python|16|10.974153|9288
sample|python|17|20.850184|9440
sample|simple|17|0.786039|1076
sample|simple|18|0.513396|1064
sample|python|18|10.884856|9440
sample|python|19|20.061106|9440
sample|simple|19|0.885192|1076
sample|simple|20|0.707749|1076
sample|python|20|11.661663|9276
sample|python|21|20.780152|9440
sample|simple|21|1.068600|1072
sample|simple|22|0.877112|1076
sample|python|22|18.831832|9284
sample|python|23|21.636255|9288
sample|simple|23|0.722646|1076
sample|simple|24|0.449699|1076
sample|python|24|10.679703|9288
sample|python|25|10.783095|9288
sample|simple|25|0.519700|1068
sample|simple|26|0.403716|1076
sample|python|26|10.274899|9280
sample|python|27|11.723327|9440
sample|simple|27|0.799782|1076
sample|simple|28|0.703606|1076
sample|python|28|17.262252|9288
sample|python|29|18.300340|9440
sample|simple|29|0.994232|1076
