pair	variant	wall_ms	max_rss_kib
0	baseline	149.487591	8104
0	candidate	119.633708	8260
1	candidate	122.810087	8616
1	baseline	119.896091	8332
2	baseline	123.564629	8332
2	candidate	124.344083	8608
3	candidate	120.918474	8616
3	baseline	122.589655	8456
4	baseline	118.735453	8456
4	candidate	129.193403	8616
5	candidate	132.829989	8252
5	baseline	122.947766	8444
6	baseline	127.651694	8456
6	candidate	127.947661	8616
7	candidate	137.81022	8616
7	baseline	123.257397	8456
8	baseline	112.314137	8332
8	candidate	119.037597	8260
9	candidate	116.869201	8328
9	baseline	122.242392	8332
10	baseline	118.68491	8456
10	candidate	132.137638	8616
11	candidate	122.773687	8608
11	baseline	122.374295	8456
12	baseline	139.329625	8456
12	candidate	120.93265	8264
13	candidate	136.140879	8248
13	baseline	127.465918	8332
14	baseline	133.34706	8088
14	candidate	123.28015	8616
15	candidate	125.110803	8604
15	baseline	123.299125	8332
16	baseline	138.488971	8332
16	candidate	130.011258	8616
17	candidate	120.052012	8604
17	baseline	132.355286	8104
18	baseline	125.696018	8448
18	candidate	141.527125	8616
19	candidate	124.430836	8492
19	baseline	145.021968	8456
20	baseline	123.513253	8332
20	candidate	122.887415	8492
21	candidate	121.537353	8612
21	baseline	115.956915	8456
22	baseline	128.260653	8332
22	candidate	123.24215	8492
23	candidate	124.727475	8616
23	baseline	130.512169	8456
24	baseline	120.926362	8332
24	candidate	137.150782	8264
25	candidate	129.649243	8492
25	baseline	125.928369	8332
26	baseline	137.959948	8456
26	candidate	129.304172	8264
27	candidate	128.579501	8492
27	baseline	130.226442	8456
28	baseline	119.960876	8332
28	candidate	125.869634	8608
29	candidate	129.848315	8492
29	baseline	127.628671	8456
