variant	sample	warm_ns	peak_rss_kib	process_wall_ns
previous_v3	1	99881505	27184	122611135
single_status_final	1	81541897	27344	104080821
single_status_final	2	93356689	27332	125445244
previous_v3	2	82279325	27344	113259649
previous_v3	3	96311600	27180	127641319
single_status_final	3	78455562	27344	108199721
single_status_final	4	81791194	27344	103974485
previous_v3	4	96755154	27184	128515659
previous_v3	5	88237785	27180	119710033
single_status_final	5	86972819	27176	118488395
single_status_final	6	78842332	27340	109765089
previous_v3	6	83996868	27344	106312688
previous_v3	7	85605372	27344	116328225
single_status_final	7	81482424	27336	112114140
single_status_final	8	82308156	27344	113892661
previous_v3	8	82316189	27344	112761967
previous_v3	9	79707008	27328	110067490
single_status_final	9	79282990	27328	100940742
single_status_final	10	81006886	27340	103616467
previous_v3	10	81789401	27344	112450221
previous_v3	11	85517419	27344	117152020
single_status_final	11	93682147	27248	125323163
single_status_final	12	79307262	27344	110352851
previous_v3	12	83842868	27344	105699101
previous_v3	13	82074459	27344	113095728
single_status_final	13	82231628	27336	113290946
single_status_final	14	80826533	27344	111781210
previous_v3	14	83606130	27332	105295355
previous_v3	15	81167943	27344	111905739
single_status_final	15	91638937	27184	114255510
single_status_final	16	95517004	27328	126895411
previous_v3	16	82041818	27344	104742105
previous_v3	17	99493263	27176	130985398
single_status_final	17	81955658	27344	111543369
single_status_final	18	79088141	27344	101096487
previous_v3	18	85290635	27344	107409541
previous_v3	19	82168124	27344	112793535
single_status_final	19	79248141	27344	110279490
single_status_final	20	81066054	27296	102778478
previous_v3	20	89226221	27180	112061371
previous_v3	21	84582263	27340	115657037
single_status_final	21	80971622	27344	111582633
single_status_final	22	92015611	27184	115142042
previous_v3	22	82833471	27344	113566291
previous_v3	23	84121685	27344	114817177
single_status_final	23	82325420	27344	113253697
single_status_final	24	95608044	27184	127319316
previous_v3	24	85100489	27328	107621909
previous_v3	25	84798056	27184	116073966
single_status_final	25	81157766	27332	111380600
single_status_final	26	81767226	27340	103783507
previous_v3	26	98694139	27180	130224802
previous_v3	27	85208698	27184	115917949
single_status_final	27	78339513	27344	109061292
single_status_final	28	80790277	27344	102826015
previous_v3	28	81612297	27328	104010964
previous_v3	29	81104166	27336	112044219
single_status_final	29	92009755	27184	114787064
single_status_final	30	91715113	27344	123357073
previous_v3	30	81525961	27336	112754366
