lane	pair	elapsed_ms	peak_rss_kib	exit_code
dynamic	1	2.493	6808	0
static	1	10.971	7820	0
static	2	2.259	7692	0
dynamic	2	2.030	6636	0
dynamic	3	2.660	6808	0
static	3	3.262	7656	0
static	4	2.490	7808	0
dynamic	4	2.708	6808	0
dynamic	5	2.084	6640	0
static	5	2.047	7820	0
static	6	2.744	7820	0
dynamic	6	2.022	6808	0
dynamic	7	1.814	6804	0
static	7	1.989	7692	0
static	8	2.580	7812	0
dynamic	8	1.762	6648	0
dynamic	9	1.642	6808	0
static	9	2.205	7804	0
static	10	2.379	7692	0
dynamic	10	2.897	6808	0
dynamic	11	2.860	6648	0
static	11	3.046	7692	0
static	12	3.140	7820	0
dynamic	12	2.789	6792	0
dynamic	13	1.566	6808	0
static	13	1.692	7812	0
static	14	1.780	7820	0
dynamic	14	1.380	6796	0
dynamic	15	2.186	6808	0
static	15	2.189	7820	0
static	16	1.875	7820	0
dynamic	16	2.185	6648	0
dynamic	17	2.435	6648	0
static	17	2.265	7820	0
static	18	2.973	7820	0
dynamic	18	1.979	6648	0
dynamic	19	2.232	6648	0
static	19	2.949	7820	0
static	20	1.683	7820	0
dynamic	20	2.642	6804	0
dynamic	21	2.569	6648	0
static	21	3.022	7820	0
static	22	2.619	7804	0
dynamic	22	1.629	6800	0
dynamic	23	1.570	6800	0
static	23	1.944	7804	0
static	24	1.778	7820	0
dynamic	24	1.504	6808	0
dynamic	25	1.677	6648	0
static	25	2.322	7820	0
static	26	2.314	7816	0
dynamic	26	2.498	6796	0
dynamic	27	1.815	6648	0
static	27	2.565	7820	0
static	28	2.162	7820	0
dynamic	28	1.581	6804	0
dynamic	29	2.311	6636	0
static	29	1.854	7692	0
static	30	2.447	7820	0
dynamic	30	2.070	6632	0
