pair	variant	wall_ms	peak_rss_kib
0	before	11.330	1488
0	after	7.270	1488
1	after	7.037	1488
1	before	10.164	1488
2	before	10.052	1488
2	after	7.448	1488
3	after	8.117	1488
3	before	9.510	1488
4	before	10.975	1488
4	after	8.195	1488
5	after	7.129	1488
5	before	11.201	1488
6	before	10.326	1488
6	after	8.671	1488
7	after	7.808	1488
7	before	9.579	1488
8	before	10.264	1488
8	after	7.984	1488
9	after	8.080	1488
9	before	9.510	1488
10	before	10.811	1488
10	after	7.346	1488
11	after	7.351	1488
11	before	9.712	1488
12	before	9.928	1488
12	after	7.067	1488
13	after	7.931	1488
13	before	10.310	1488
14	before	11.111	1488
14	after	7.705	1488
15	after	8.101	1488
15	before	10.688	1488
16	before	10.006	1488
16	after	8.980	1488
17	after	7.906	1488
17	before	10.661	1488
18	before	9.707	1488
18	after	8.410	1488
19	after	8.075	1488
19	before	11.248	1488
20	before	10.783	1488
20	after	8.896	1488
21	after	8.513	1488
21	before	9.730	1488
22	before	9.897	1488
22	after	7.664	1488
23	after	7.963	1488
23	before	10.603	1488
24	before	9.826	1488
24	after	7.243	1488
25	after	7.623	1488
25	before	9.925	1488
26	before	10.548	1488
26	after	8.099	1488
27	after	7.710	1488
27	before	9.756	1488
28	before	10.081	1488
28	after	8.039	1488
29	after	7.749	1488
29	before	10.660	1488
