symbol	family	native_all_defined
<alloc::raw_vec::RawVec<u8> as core::ops::drop::Drop>::drop	other	false
<alloc::raw_vec::RawVecInner>::try_allocate_in	other	false
<alloc::string::String>::from_utf8_lossy	other	false
<alloc::vec::Vec<u8> as core::ops::drop::Drop>::drop	other	false
<alloc::vec::Vec<u8>>::reserve	other	false
<std::ffi::os_str::OsString as core::fmt::Debug>::fmt	other	false
_text_list_contains	other	false
alloc::raw_vec::handle_error	other	false
core::unicode::unicode_data::white_space::WHITESPACE_MAP	other	false
rt_arm_array_get_byte_u32	arm	false
rt_arm_array_len_u32	arm	false
rt_array_new_with_cap	array	true
rt_cuda_ctx_create	cuda	true
rt_cuda_ctx_destroy	cuda	true
rt_cuda_device_get	cuda	true
rt_cuda_device_identity	cuda	true
rt_cuda_device_name	cuda	true
rt_cuda_init	cuda	true
rt_cuda_launch_kernel	cuda	true
rt_cuda_launch_kernel_name_array	cuda	true
rt_cuda_mem_alloc	cuda	true
rt_cuda_mem_free	cuda	true
rt_cuda_memcpy_dtoh	cuda	true
rt_cuda_memcpy_htod	cuda	true
rt_cuda_memcpy_htod_array	cuda	true
rt_cuda_module_get_function	cuda	true
rt_cuda_module_load_data	cuda	true
rt_cuda_module_load_data_array	cuda	true
rt_cuda_module_unload	cuda	true
rt_cuda_sync	cuda	true
rt_engine2d_rocm_download_pixels	engine2d	true
rt_engine2d_rocm_upload_host_buf	engine2d	true
rt_engine2d_rocm_upload_pixels	engine2d	true
rt_font_load_array	font	true
rt_hosted_safe_artifact_publish_v1	hosted	false
rt_hosted_safe_artifact_read_v1	hosted	false
rt_hosted_safe_artifact_root_close_v1	hosted	false
rt_hosted_safe_artifact_root_open_v1	hosted	false
rt_metal_alloc_buffer	metal	true
rt_metal_buffer_download_raw	metal	true
rt_metal_buffer_upload_raw	metal	true
rt_metal_commit_command_buffer	metal	true
rt_metal_compile_shader	metal	true
rt_metal_create_command_buffer	metal	true
rt_metal_create_command_queue	metal	true
rt_metal_create_compute_encoder	metal	true
rt_metal_create_compute_pipeline	metal	true
rt_metal_create_device	metal	true
rt_metal_destroy_command_buffer	metal	true
rt_metal_destroy_command_queue	metal	true
rt_metal_destroy_compute_encoder	metal	true
rt_metal_destroy_device	metal	true
rt_metal_destroy_pipeline	metal	true
rt_metal_destroy_shader	metal	true
rt_metal_device_count	metal	true
rt_metal_dispatch_compute	metal	true
rt_metal_end_compute_encoder	metal	true
rt_metal_free_buffer	metal	true
rt_metal_get_last_error	metal	true
rt_metal_init	metal	true
rt_metal_set_buffer	metal	true
rt_metal_set_bytes_raw	metal	true
rt_metal_wait_completed	metal	true
rt_rocm_compile_hsaco	rocm	true
rt_rocm_device_count	rocm	true
rt_rocm_device_identity	rocm	true
rt_rocm_device_memory	rocm	true
rt_rocm_device_name	rocm	true
rt_rocm_free	rocm	true
rt_rocm_get_device	rocm	true
rt_rocm_get_function	rocm	true
rt_rocm_init	rocm	true
rt_rocm_is_available	rocm	true
rt_rocm_launch_kernel	rocm	true
rt_rocm_malloc	rocm	true
rt_rocm_memset	rocm	true
rt_rocm_synchronize	rocm	true
rt_rocm_unload_module	rocm	true
rt_sdl2_clipboard_get	sdl2	false
rt_sdl2_clipboard_set	sdl2	false
rt_sdl_create_window	sdl	false
rt_sdl_destroy_window	sdl	false
rt_sdl_event_key_mod	sdl	false
rt_sdl_event_key_sym	sdl	false
rt_sdl_event_mouse_x	sdl	false
rt_sdl_event_mouse_y	sdl	false
rt_sdl_event_text	sdl	false
rt_sdl_event_window_data1	sdl	false
rt_sdl_event_window_data2	sdl	false
rt_sdl_event_window_event_id	sdl	false
rt_sdl_get_window_height	sdl	false
rt_sdl_get_window_width	sdl	false
rt_sdl_init	sdl	false
rt_sdl_poll_event	sdl	false
rt_sdl_present_rgba	sdl	false
rt_sdl_quit	sdl	false
rt_sqlite_begin	sqlite	false
rt_sqlite_bind_float	sqlite	false
rt_sqlite_bind_int	sqlite	false
rt_sqlite_bind_null	sqlite	false
rt_sqlite_bind_text	sqlite	false
rt_sqlite_changes	sqlite	false
rt_sqlite_close	sqlite	false
rt_sqlite_column_count	sqlite	false
rt_sqlite_column_float	sqlite	false
rt_sqlite_column_int	sqlite	false
rt_sqlite_column_name	sqlite	false
rt_sqlite_column_text	sqlite	false
rt_sqlite_column_type	sqlite	false
rt_sqlite_commit	sqlite	false
rt_sqlite_error_message	sqlite	false
rt_sqlite_execute	sqlite	false
rt_sqlite_finalize	sqlite	false
rt_sqlite_last_insert_rowid	sqlite	false
rt_sqlite_open	sqlite	false
rt_sqlite_prepare	sqlite	false
rt_sqlite_query	sqlite	false
rt_sqlite_query_done	sqlite	false
rt_sqlite_query_next	sqlite	false
rt_sqlite_reset	sqlite	false
rt_sqlite_rollback	sqlite	false
rt_vulkan_alloc_buffer	vulkan	true
rt_vulkan_begin_compute	vulkan	true
rt_vulkan_bind_buffer	vulkan	true
rt_vulkan_bind_descriptors	vulkan	true
rt_vulkan_bind_pipeline	vulkan	true
rt_vulkan_compile_glsl	vulkan	true
rt_vulkan_compile_spirv	vulkan	true
rt_vulkan_compile_spirv_array	vulkan	true
rt_vulkan_copy_from_buffer_array	vulkan	true
rt_vulkan_copy_from_buffer_regions	vulkan	true
rt_vulkan_copy_from_buffer_strided	vulkan	true
rt_vulkan_copy_to_buffer	vulkan	true
rt_vulkan_copy_to_buffer_array	vulkan	true
rt_vulkan_copy_to_buffer_u32	vulkan	true
rt_vulkan_create_compute_pipeline	vulkan	true
rt_vulkan_create_compute_pipeline_raw	vulkan	true
rt_vulkan_create_descriptor_set	vulkan	true
rt_vulkan_destroy_descriptor_set	vulkan	true
rt_vulkan_destroy_fence	vulkan	true
rt_vulkan_destroy_pipeline	vulkan	true
rt_vulkan_destroy_shader	vulkan	true
rt_vulkan_destroy_swapchain	vulkan	true
rt_vulkan_device_driver_identity	vulkan	true
rt_vulkan_device_name	vulkan	true
rt_vulkan_device_type	vulkan	true
rt_vulkan_discard_command	vulkan	true
rt_vulkan_dispatch	vulkan	true
rt_vulkan_end_compute	vulkan	true
rt_vulkan_fence_submission_supported	vulkan	true
rt_vulkan_free_buffer	vulkan	true
rt_vulkan_get_device	vulkan	true
rt_vulkan_get_last_error	vulkan	true
rt_vulkan_init	vulkan	true
rt_vulkan_push_constants	vulkan	true
rt_vulkan_push_constants_array	vulkan	true
rt_vulkan_read_buffer_bytes	vulkan	true
rt_vulkan_readback_u32_array	vulkan	true
rt_vulkan_readback_u32_array_checksum	vulkan	true
rt_vulkan_select_device	vulkan	true
rt_vulkan_selected_device_driver_identity	vulkan	true
rt_vulkan_selected_device_driver_identity_hash	vulkan	true
rt_vulkan_shutdown	vulkan	true
rt_vulkan_submit_and_wait_fence	vulkan	true
rt_vulkan_submit_no_wait	vulkan	true
rt_vulkan_wait_fence	vulkan	true
rt_vulkan_wait_idle	vulkan	true
rt_write_u32s_to_raw	write	true
spl_fonts_call_init_blob	spl_fonts	true
spl_fonts_call_init_path	spl_fonts	true
spl_fonts_call_layout_text	spl_fonts	true
std::io::stdio::_eprint	other	false
std::sys::env::unix::getenv	other	false
